Species,Strain,Age,Sex,OrigSubNum,DBSubNum,InjuryDevice,InjuryCondition,SpinalLevel,Laterality,BlindingCode,UniqueIdentifier,intendedforce,actualforce,actualdisplacement,actualvelocity,dwelltime,cmprs,imp_v,cmprs_rt,STD_TissDeform,STD_Velocity,STD_TissForce,wtChng_wk1,wtChng_wk3,wtChng_wk6,Mean_3and6_WeightGain,Mean_1and3and6wks_WeightGain,RFSL_wk1,RFSL_wk3,RFSL_wk6,Mean_3and6_RFSL,Mean_1and3and6wks_RFSL,RFPA_wk1,RFPA_wk3,RFPA_wk6,Mean_3and6_RFPA,Mean_1and3and6wks_RFPA,AbsDevStepDistRF_wk1,AbsDevStepDistRF_wk3,AbsDevStepDistRF_wk6,Mean_3and6_AbsDevStepDistRF,Mean_1and3and6wks_AbsDevStepDistRF,LFSL_wk1,LFSL_wk3,LFSL_wk6,Mean_3and6_LFSL,Mean_1and3and6wks_LFSL,LFPA_wk1,LFPA_wk3,LFPA_wk6,Mean_3and6_LFPA,Mean_1and3and6wks_LFPA,AbsDevStepDistLF_wk1,AbsDevStepDistLF_wk3,AbsDevStepDistLF_wk6,Mean_3and6_AbsDevStepDistLF,Mean_1and3and6wks_AbsDevStepDistLF,RHSL_wk1,RHSL_wk3,RHSL_wk6,Mean_3and6_RHSL,Mean_1and3and6wks_RHSL,RHPA_wk1,RHPA_wk3,RHPA_wk6,Mean_3and6_RHPA,Mean_1and3and6wks_RHPA,AbsDevStepDistRH_wk1,AbsDevStepDistRH_wk3,AbsDevStepDistRH_wk6,Mean_3and6_AbsDevStepDistRH,Mean_1and3and6wks_AbsDevStepDistRH,LHSL_wk1,LHSL_wk3,LHSL_wk6,Mean_3and6_LHSL,Mean_1and3and6wks_LHSL,LHPA_wk1,LHPA_wk3,LHPA_wk6,Mean_3and6_LHPA,Mean_1and3and6wks_LHPA,AbsDevStepDistLH_wk1,AbsDevStepDistLH_wk3,AbsDevStepDistLH_wk6,Mean_3and6_AbsDevStepDistLH,Mean_1and3and6wks_AbsDevStepDistLH,Groom_wk1,Groom_wk3,Groom_wk6,Mean_3and6_Grooming,Mean_1and3and6wks_Grooming,PawPL_wk1,PawPL_wk3,PawPL_wk6,Mean_3and6_PawPL,Mean_1and3and6wks_PawPL,BBB_FergTrans_wk1,BBB_FergTrans_wk3,BBB_FergTrans_wk6,Mean_3and6_BBB_FergTrans,Mean_1and3and6wks_BBB_FergTrans,TotalSubscore_wk1,TotalSubscore_wk3,TotalSubscore_wk6,Mean_3and6_BBB_TotalSubscore,Mean_1and3and6wks_BBB_TotalSubscore,ForelimbOpenField_wk1,ForelimbOpenField_wk3,ForelimbOpenField_wk6,Mean_3and6_ForelimbOpenField,Mean_1and3and6wks_ForelimbOpenField,pct_TissueAreaTOTepi,pct_tsprle,pct_gmsprle,pct_wmsprle,pct_prcls,PctCntMN_COMPavg
ILX:0112860,ILX:0383317,ILX:0383265,ILX:0383307,ILX:0275888,ILX:0112800,ILX:0112974,ILX:0115028,ILX:0381318,ILX:0112979,ILX:0383376,ILX:0112800,ILX:0112986,ILX:0112987,ILX:0112989,ILX:0112991,ILX:0383598,ILX:0115028,ILX:0381344,ILX:0115028,ILX:0115028,ILX:0115028,ILX:0115028,ILX:0115028,ILX:0115028,ILX:0115028,ILX:0115028,ILX:0115028,ILX:0115028,ILX:0115028,ILX:0115028,ILX:0115028,ILX:0115028,ILX:0115028,ILX:0115028,ILX:0115028,ILX:0115028,ILX:0115028,ILX:0115028,ILX:0115028,ILX:0115028,ILX:0115028,ILX:0115028,ILX:0115028,ILX:0115028,ILX:0115028,ILX:0115028,ILX:0115028,ILX:0115028,ILX:0115028,ILX:0115028,ILX:0115028,ILX:0115028,ILX:0115028,ILX:0115028,ILX:0115028,ILX:0115028,ILX:0115028,ILX:0115028,ILX:0115028,ILX:0115028,ILX:0115028,ILX:0115028,ILX:0115028,ILX:0115028,ILX:0115028,ILX:0115028,ILX:0115028,ILX:0115028,ILX:0115028,ILX:0115028,ILX:0115028,ILX:0115028,ILX:0115028,ILX:0115028,ILX:0115028,ILX:0115028,ILX:0115028,ILX:0115028,ILX:0115028,ILX:0115028,ILX:0115028,ILX:0115028,ILX:0115028,ILX:0115028,ILX:0115028,ILX:0115028,ILX:0115028,ILX:0115028,ILX:0115028,ILX:0115028,ILX:0115028,ILX:0115028,ILX:0115028,ILX:0115028,ILX:0115028,ILX:0115028,ILX:0115028,ILX:0115028,ILX:0115028,ILX:0115028,ILX:0115028,ILX:0115028,ILX:0115028,ILX:0115028,ILX:0115028,ILX:0115028,ILX:0115028,ILX:0115028,ILX:0115028,ILX:0115028,ILX:0115028,ILX:0115028,ILX:0115028,ILX:0115028,ILX:0115028,ILX:0115028,ILX:0115028,ILX:0115028
Rat,LE,75-83days,F,2413,2413,IH-impactor,75kdyn,C5,Unilateral,,,75,,,,0,,,,0,,,-18,14,31,22.5,9,,,,,,,,,,,,,,,,,,,,,,,,,,,,,,,,,,,,,,,,,,,,,,,,,,,,,,,,,,,,,4,5,5,5,4.666666667,85.36585,56.756756,55,55.878378,65.70753533,,,,,,11,13,11,12,11.66666667,3,3,3,3,3,66,38,1,55,27,13.492064
Rat,LE,75-83days,F,2414,2414,IH-impactor,75kdyn,C5,Unilateral,,,75,,,,0,,,,0,,,-11,9,21,15,6.333333333,,,,,,,,,,,,,,,,,,,,,,,,,,,,,,,,,,,,,,,,,,,,,,,,,,,,,,,,,,,,,5,5,5,5,5,30,31.147541,8,19.5737705,23.04918033,,,,,,12,12,12,12,12,3,3,3,3,3,,,,,,
Rat,LE,75-83days,F,2415,2415,IH-impactor,75kdyn,C5,Unilateral,,,75,76,652,,0,,,,652,,,-9,15,34,24.5,13.33333333,,,,,,,,,,,,,,,,,,,,,,,,,,,,,,,,,,,,,,,,,,,,,,,,,,,,,,,,,,,,,3,3,3,3,3,100,53.846153,48.75,51.2980765,67.532051,,,,,,11,13,13,13,12.33333333,3,3,3,3,3,78,32,0,48,45,8.510638
Rat,LE,75-83days,F,2416,2416,IH-impactor,75kdyn,C5,Unilateral,,,75,78,793,,0,,,,793,,,-8,2,12,7,2,,,,,,,,,,,,,,,,,,,,,,,,,,,,,,,,,,,,,,,,,,,,,,,,,,,,,,,,,,,,,3,3,5,4,3.666666667,83.870964,84.375,94.117645,89.2463225,87.45453633,,,,,,13,13,13,13,13,3,3,3,3,3,74,28,0,40,45,0
Rat,LE,75-83days,F,2417,2417,IH-impactor,75kdyn,C5,Unilateral,,,75,75,687,,0,,,,687,,,-4,19,30,24.5,15,,,,,,,,,,,,,,,,,,,,,,,,,,,,,,,,,,,,,,,,,,,,,,,,,,,,,,,,,,,,,3,3,4,3.5,3.333333333,96.666664,34.72222,29.906542,32.314381,53.765142,,,,,,12,12,12,12,12,3,3,3,3,3,77,56,64,54,19,35.75113
Rat,LE,75-83days,F,2418,2418,IH-impactor,75kdyn,C5,Unilateral,,,75,83,811,,0,,,,811,,,,14,30,22,22,,,,,,,,,,,,,,,,,,,,,,,,,,,,,,,,,,,,,,,,,,,,,,,,,,,,,,,,,,,,,4,5,5,5,4.666666667,78.947365,57.142857,48.235294,52.6890755,61.44183867,,,,,,12,13,12,12.5,12.33333333,3,3,3,3,3,65,38,5,56,25,21.64411
Rat,LE,75-83days,F,2419,2419,IH-impactor,75kdyn,C5,Unilateral,,,75,79,705,,0,,,,705,,,,-1,12,5.5,5.5,,,,,,,,,,,,,,,,,,,,,,,,,,,,,,,,,,,,,,,,,,,,,,,,,,,,,,,,,,,,,3,3,3,3,3,88.181816,68.085106,84.90566,76.495383,80.39086067,,,,,,13,12,13,12.5,12.66666667,3,3,3,3,3,66,34,3,49,32,8.918617
Rat,LE,75-83days,F,2466,2466,IH-impactor,75kdyn,C5,Unilateral,,,75,77,793,120,0,,,,793,,,-4,-1,15,7,3.333333333,,,,,,,,,,,,,,,,,,,,,,,,,,,,,,,,,,,,,,,,,,,,,,,,,,,,,,,,,,,,,3,3,4,3.5,3.333333333,100,88.888885,84.31373,86.6013075,91.06753833,,,,,,,,,,,,,,,,66,26,0,34,39,0.775194
Rat,LE,75-83days,F,2468,2468,IH-impactor,75kdyn,C5,Unilateral,,,75,77,740,120,0,,,,740,,,-10,-4,11,3.5,-1,,,,,,,,,,,,,,,,,,,,,,,,,,,,,,,,,,,,,,,,,,,,,,,,,,,,,,,,,,,,,3,5,5,5,4.333333333,82.828285,52.63158,55.91398,54.27278,63.79128167,,,,,,,,,,,,,,,,68,33,0,47,34,12.403101
Rat,LE,75-83days,F,2470,2470,IH-impactor,75kdyn,C5,Unilateral,,,75,75,1005,122,0,,,,1005,,,-2,14,28,21,13.33333333,,,,,,,,,,,,,,,,,,,,,,,,,,,,,,,,,,,,,,,,,,,,,,,,,,,,,,,,,,,,,4,5,5,5,4.666666667,77.77778,52.63158,15.625,34.12829,48.67812,,,,,,,,,,,,,,,,76,51,40,56,25,34.54001
Rat,LE,75-83days,F,2472,2472,IH-impactor,75kdyn,C5,Unilateral,,,75,80,934,120,0,,,,934,,,2,15,28,21.5,15,,,,,,,,,,,,,,,,,,,,,,,,,,,,,,,,,,,,,,,,,,,,,,,,,,,,,,,,,,,,,3,3,5,4,3.666666667,88.297874,56.435642,67.441864,61.938753,70.72512667,,,,,,,,,,,,,,,,72,39,17,48,33,2.020202
Rat,LE,75-83days,F,2473,2473,IH-impactor,75kdyn,C5,Unilateral,,,75,79,952,120,0,,,,952,,,-10,-3,12,4.5,-0.333333333,,,,,,,,,,,,,,,,,,,,,,,,,,,,,,,,,,,,,,,,,,,,,,,,,,,,,,,,,,,,,4,5,5,5,4.666666667,73.109245,73.68421,50.64935,62.16678,65.81426833,,,,,,,,,,,,,,,,80,44,10,58,36,20.588236
Rat,LE,75-83days,F,2474,2474,IH-impactor,75kdyn,C5,Unilateral,,,75,75,758,131,0,,,,758,,,-8,-2,7,2.5,-1,,,,,,,,,,,,,,,,,,,,,,,,,,,,,,,,,,,,,,,,,,,,,,,,,,,,,,,,,,,,,3,3,4,3.5,3.333333333,91.304344,79.411766,72.61905,76.015408,81.11172,,,,,,,,,,,,,,,,68,34,4,49,33,8.72033
Rat,LE,75-83days,F,2475,2475,IH-impactor,75kdyn,C5,Unilateral,,,75,79,899,117,0,,,,899,,,-8,-9,13,2,-1.333333333,,,,,,,,,,,,,,,,,,,,,,,,,,,,,,,,,,,,,,,,,,,,,,,,,,,,,,,,,,,,,3,5,5,5,4.333333333,100,60.714287,32.75862,46.7364535,64.490969,,,,,,,,,,,,,,,,107,28,0,42,79,22.962963
Rat,LE,75-83days,F,2476,2476,IH-impactor,75kdyn,C5,Unilateral,,,75,75,793,120,0,,,,793,,,-21,5,27,16,3.666666667,,,,,,,,,,,,,,,,,,,,,,,,,,,,,,,,,,,,,,,,,,,,,,,,,,,,,,,,,,,,,5,5,5,5,5,95.60439,67.85714,72.289154,70.073147,78.58356133,,,,,,,,,,,,,,,,75,30,0,45,45,14.506173
Rat,LE,75-83days,F,2477,2477,IH-impactor,75kdyn,C5,Unilateral,,,75,75,846,122,0,,,,846,,,-6,4,14,9,4,,,,,,,,,,,,,,,,,,,,,,,,,,,,,,,,,,,,,,,,,,,,,,,,,,,,,,,,,,,,,5,5,5,5,5,94.5946,86.666664,80.327866,83.497265,87.19637667,,,,,,,,,,,,,,,,68,23,0,34,44,6.122449
Rat,LE,75-83days,F,2478,2478,IH-impactor,75kdyn,C5,Unilateral,,,75,81,776,120,0,,,,776,,,-8,9,25,17,8.666666667,,,,,,,,,,,,,,,,,,,,,,,,,,,,,,,,,,,,,,,,,,,,,,,,,,,,,,,,,,,,,4,5,5,5,4.666666667,59.615383,37.931034,51.851852,44.891443,49.799423,,,,,,,,,,,,,,,,69,26,0,38,43,16.666666
Rat,LE,75-83days,F,2479,2479,IH-impactor,75kdyn,C5,Unilateral,,,75,75,1234,120,0,,,,1234,,,7,19,38,28.5,21.33333333,,,,,,,,,,,,,,,,,,,,,,,,,,,,,,,,,,,,,,,,,,,,,,,,,,,,,,,,,,,,,5,5,5,5,5,72.5,71.42857,37.5,54.464285,60.47619,,,,,,,,,,,,,,,,75,30,0,44,44,15.03268
Rat,LE,75-83days,F,2480,2480,IH-impactor,75kdyn,C5,Unilateral,,,75,76,934,127,0,,,,934,,,1,7,19,13,9,,,,,,,,,,,,,,,,,,,,,,,,,,,,,,,,,,,,,,,,,,,,,,,,,,,,,,,,,,,,,4,3,5,4,4,54.054054,67.567566,62.068966,64.818266,61.23019533,,,,,,,,,,,,,,,,75,35,6,47,40,18.956398
Rat,LE,75-83days,F,2481,2481,IH-impactor,75kdyn,C5,Unilateral,,,75,82,740,117,0,,,,740,,,6,23,44,33.5,24.33333333,,,,,,,,,,,,,,,,,,,,,,,,,,,,,,,,,,,,,,,,,,,,,,,,,,,,,,,,,,,,,3,5,5,5,4.333333333,75,77.083336,100,88.541668,84.02777867,,,,,,,,,,,,,,,,63,15,0,22,48,11.564626
Rat,LE,75-83days,F,2482,2482,IH-impactor,75kdyn,C5,Unilateral,,,75,77,864,122,0,,,,864,,,-3,14,33,23.5,14.66666667,,,,,,,,,,,,,,,,,,,,,,,,,,,,,,,,,,,,,,,,,,,,,,,,,,,,,,,,,,,,,5,5,5,5,5,52.5,47.77778,53.125,50.45139,51.13426,,,,,,,,,,,,,,,,67,20,0,30,47,10.785954
Rat,LE,75-83days,F,2483,2483,IH-impactor,75kdyn,C5,Unilateral,,,75,75,776,124,0,,,,776,,,-4,9,21,15,8.666666667,,,,,,,,,,,,,,,,,,,,,,,,,,,,,,,,,,,,,,,,,,,,,,,,,,,,,,,,,,,,,4,5,5,5,4.666666667,83.333336,64.51613,54.347828,59.431979,67.399098,,,,,,,,,,,,,,,,73,14,0,22,58,3.546099
Rat,LE,75-83days,F,2484,2484,IH-impactor,75kdyn,C5,Unilateral,,,75,77,740,117,0,,,,740,,,4,17,36,26.5,19,,,,,,,,,,,,,,,,,,,,,,,,,,,,,,,,,,,,,,,,,,,,,,,,,,,,,,,,,,,,,4,5,5,5,4.666666667,59.615383,25.675676,40.54054,33.108108,41.94386633,,,,,,,,,,,,,,,,75,19,0,29,56,2.272727
Rat,LE,75-83days,F,2485,2485,IH-impactor,75kdyn,C5,Unilateral,,,75,83,846,117,0,,,,846,,,-10,12,38,25,13.33333333,,,,,,,,,,,,,,,,,,,,,,,,,,,,,,,,,,,,,,,,,,,,,,,,,,,,,,,,,,,,,4,5,5,5,4.666666667,72.72727,51.923077,34.285713,43.104395,52.97868667,,,,,,,,,,,,,,,,76,20,1,30,56,3.030303
Rat,LE,75-83days,F,2494,2494,IH-impactor,75kdyn,C5,Unilateral,,,75,76,881,127,0,,,,881,,,-15,0,15,7.5,0,,,,,,,,,,,,,,,,,,,,,,,,,,,,,,,,,,,,,,,,,,,,,,,,,,,,,,,,,,,,,4,4,4,4,4,100,92.59259,100,96.296295,97.53086333,,,,,,,,,,,,,,,,59,30,9,41,27,19.130434
Rat,LE,75-83days,F,2495,2495,IH-impactor,75kdyn,C5,Unilateral,,,75,78,687,122,0,,,,687,,,-12,-2,9,3.5,-1.666666667,,,,,,,,,,,,,,,,,,,,,,,,,,,,,,,,,,,,,,,,,,,,,,,,,,,,,,,,,,,,,3,3,4,3.5,3.333333333,100,95.918365,100,97.9591825,98.639455,,,,,,,,,,,,,,,,65,28,2,41,37,5.833334
Rat,LE,75-83days,F,2496,2496,IH-impactor,75kdyn,C5,Unilateral,,,75,78,987,124,0,,,,987,,,-3,1,19,10,5.666666667,,,,,,,,,,,,,,,,,,,,,,,,,,,,,,,,,,,,,,,,,,,,,,,,,,,,,,,,,,,,,4,4,5,4.5,4.333333333,75.409836,59.25926,64.15094,61.7051,66.27334533,,,,,,,,,,,,,,,,63,28,3,39,34,9.351851
Rat,LE,75-83days,F,2497,2497,IH-impactor,75kdyn,C5,Unilateral,,,75,81,776,122,0,,,,776,,,-24,-13,-3,-8,-13.33333333,,,,,,,,,,,,,,,,,,,,,,,,,,,,,,,,,,,,,,,,,,,,,,,,,,,,,,,,,,,,,5,4,5,4.5,4.666666667,100,87.5,82.75862,85.12931,90.08620667,,,,,,,,,,,,,,,,52,29,9,37,22,19.148935
Rat,LE,75-83days,F,2498,2498,IH-impactor,75kdyn,C5,Unilateral,,,75,78,758,122,0,,,,758,,,-14,-2,7,2.5,-3,,,,,,,,,,,,,,,,,,,,,,,,,,,,,,,,,,,,,,,,,,,,,,,,,,,,,,,,,,,,,3,3,5,4,3.666666667,84.07079,57.522125,81.25,69.3860625,74.28097167,,,,,,,,,,,,,,,,69,34,0,50,34,30.783476
Rat,LE,75-83days,F,2499,2499,IH-impactor,75kdyn,C5,Unilateral,,,75,77,811,122,0,,,,811,,,-10,-2,19,8.5,2.333333333,,,,,,,,,,,,,,,,,,,,,,,,,,,,,,,,,,,,,,,,,,,,,,,,,,,,,,,,,,,,,5,5,5,5,5,70.27027,51.612904,45.833332,48.723118,55.905502,,,,,,,,,,,,,,,,68,34,2,46,33,6.818182
Rat,LE,75-83days,F,2500,2500,IH-impactor,75kdyn,C5,Unilateral,,,75,77,1075,122,0,,,,1075,,,-2,0,8,4,2,,,,,,,,,,,,,,,,,,,,,,,,,,,,,,,,,,,,,,,,,,,,,,,,,,,,,,,,,,,,,3,4,5,4.5,4,73.68421,72.093025,72.72727,72.4101475,72.834835,,,,,,,,,,,,,,,,69,34,0,49,35,11.333333
Rat,LE,75-83days,F,2502,2502,IH-impactor,75kdyn,C5,Unilateral,,,75,79,776,122,0,,,,776,,,-5,-4,4,0,-1.666666667,,,,,,,,,,,,,,,,,,,,,,,,,,,,,,,,,,,,,,,,,,,,,,,,,,,,,,,,,,,,,5,5,5,5,5,38.46154,34.210526,24.418604,29.314565,32.36355667,,,,,,,,,,,,,,,,82,43,0,63,37,24.404762
Rat,LE,75-83days,F,2503,2503,IH-impactor,75kdyn,C5,Unilateral,,,75,79,793,124,0,,,,793,,,3,-1,9,4,3.666666667,,,,,,,,,,,,,,,,,,,,,,,,,,,,,,,,,,,,,,,,,,,,,,,,,,,,,,,,,,,,,4,3,4,3.5,3.666666667,84.61539,91.83673,71.18644,81.511585,82.54618667,,,,,,,,,,,,,,,,75,34,1,48,39,10.687831
Rat,LE,75-83days,F,M1008,1008,NYU,12.5,C5,Unilateral,,,,,,,,3,1,0,2750,,,4,8,13,10.5,8.333333333,,162.756,170.02,166.388,166.388,,34.484543,22.44,28.4622715,28.4622715,,1,5.087542,3.043771,3.043771,,128.10413,134,131.052065,131.052065,,99.2928,60.14,79.7164,73.19093333,,1,5.249159,3.1245795,3.1245795,,150.7,158.39,154.545,154.545,,125.72143,79.31,102.515715,102.515715,,4,0.167229,2.0836145,2.0836145,,149.01033,154.03,151.520165,151.520165,,167.62625,137.55,152.588125,152.588125,,6,0.005611,3.0028055,3.0028055,2,3,4,3.5,3,84.55,74.64852,85.22727,79.937895,81.47526333,9,9,9,9,9,7,13,11,12,10.33333333,1,1,3,2,1.666666667,54,24,11,31,54,4
Rat,LE,75-83days,F,M1009,1009,NYU,6.25,C5,Unilateral,,,,,,,,2,0,0,2390,,,-1,12,32,22,14.33333333,,127.01867,145.07,136.044335,136.044335,,42.347374,24.45,33.398687,33.398687,,0.206612,2.099426,1.153019,1.153019,,122.8544,105,113.9272,113.9272,,112.90478,97.71,105.30739,102.7749267,,3.099174,2.613495,2.8563345,2.8563345,,146.624,151.08,148.852,148.852,,74.82675,156.72,115.773375,115.773375,,1.859505,0.682758,1.2711315,1.2711315,,138.88,150.76,144.82,144.82,,114.61632,186.77,150.69316,150.69316,,1.033058,0.16869,0.600874,0.600874,4,4,5,4.5,4.333333333,57.89,68.013466,56.25,62.131733,60.717822,9,9,9,9,9,11,12,13,12.5,12,3,3,3,3,3,69,40,10,55,42,13.989791
Rat,LE,75-83days,F,M1010,1010,NYU,12.5,C5,Unilateral,,,,,,,,3,0,0,2870,,,-4,20,29,24.5,15,,150.592,166.41,158.501,158.501,,63.01901,55.35,59.184505,59.184505,,1.31579,1.79259,1.55419,1.55419,,151.872,166,158.936,158.936,,120.446976,76.6,98.523488,91.21565867,,1.31579,1.193905,1.2548475,1.2548475,,159.168,184.74,171.954,171.954,,158.76556,116.53,137.64778,137.64778,,0.789474,1.52943,1.159452,1.159452,,151.33867,167.47,159.404335,159.404335,,208.1664,121.82,164.9932,164.9932,,1.842106,1.457064,1.649585,1.649585,2,2,2,2,2,78.18,63.975155,57.627117,60.801136,66.59409067,9,9,9,9,9,10,12,13,12.5,11.66666667,0,3,2,2.5,1.666666667,53,27,4,37,50,16.497114
Rat,LE,75-83days,F,M1011,1011,SHAM,Sham,C5,Unilateral,,,,,,,,0,0,0,0,,,11,28,55,41.5,31.33333333,,121.63,155.09,138.36,138.36,,52.406666,75.99,64.198333,64.198333,,2.272728,0.336176,1.304452,1.304452,,122.08,151,136.54,136.54,,53.28,85.75,69.515,74.92666667,,0.252525,1.647978,0.9502515,0.9502515,,119.8,146,132.9,132.9,,81.46,70.37,75.915,75.915,,1.767677,0.845137,1.306407,1.306407,,119.16,146.63,132.895,132.895,,80.15667,79.39,79.773335,79.773335,,0.757576,1.139017,0.9482965,0.9482965,5,5,5,5,5,21.92,25.332512,25.225225,25.2788685,24.15924567,12,12,12,12,12,13,13,13,13,13,3,3,3,3,3,97,97,97,97,0,118.756615
Rat,LE,75-83days,F,M1012,1012,NYU,12.5,C5,Unilateral,,,,,,,,3,0,0,2610,,,6,19,28,23.5,17.66666667,,14.75,101.25,58,58,,4.916666,11.74,8.328333,8.328333,,18.023256,10.103212,14.063234,14.063234,,87.27524,108,97.63762,97.63762,,45.110714,42.23,43.670357,43.190238,,16.860466,12.60638,14.733423,14.733423,,138.41333,176.61,157.511665,157.511665,,60.85,56.26,58.555,58.555,,0.581396,1.105093,0.8432445,0.8432445,,131.13333,165.32,148.226665,148.226665,,80.066666,53.75,66.908333,66.908333,,0.581396,1.398075,0.9897355,0.9897355,1,3,3,3,2.333333333,96.43,88.875595,93.75,91.3127975,93.01853167,9,9,9,9,9,11,12,13,12.5,12,1,2,2,2,1.666666667,59,29,17,35,51,17.209463
Rat,LE,75-83days,F,M1013,1013,NYU,12.5,C5,Unilateral,,,,,,,,2,0,0,2450,,,-2,9,21,15,9.333333333,,141.84534,165.83,153.83767,153.83767,,14.017536,9.47,11.743768,11.743768,,2.35849,9.364293,5.8613915,5.8613915,,105.69143,127,116.345715,116.345715,,89.75616,84.48,87.11808,86.23872,,8.018867,9.194016,8.6064415,8.6064415,,150.63467,161.65,156.142335,156.142335,,154.965,137.91,146.4375,146.4375,,4.245283,1.21603,2.7306565,2.7306565,,136.8064,153.2,145.0032,145.0032,,172.50356,162.56,167.53178,167.53178,,1.415094,1.386309,1.4007015,1.4007015,2,3,3,3,2.666666667,97.5,98.611115,100,99.3055575,98.703705,9,9,9,9,9,11,12,11,11.5,11.33333333,0,0,1,0.5,0.333333333,49,9,0,15,82,1.666667
Rat,LE,75-83days,F,M1015,1015,NYU,12.5,C5,Unilateral,,,,,,,,2,0,0,2270,,,-6,17,18,17.5,9.666666667,,190.64934,141.25,165.94967,165.94967,,15.660666,16.06,15.860333,15.860333,,8.760683,6.347048,7.5538655,7.5538655,,87.284164,112,99.642082,99.642082,,82.26152,87.41,84.83576,85.69384,,11.752136,8.659046,10.205591,10.205591,,146.081,148.88,147.4805,147.4805,,110.49203,89.08,99.786015,99.786015,,2.777779,1.200642,1.9892105,1.9892105,,134.24667,143.62,138.933335,138.933335,,236.35732,160.43,198.39366,198.39366,,0.213675,1.111355,0.662515,0.662515,2,3,4,3.5,3,100,100,100,100,100,9,9,9,9,9,10,10,11,10.5,10.33333333,0,1,1,1,0.666666667,76,10,0,15,87,2.777778
Rat,LE,75-83days,F,M1016,1016,SHAM,Sham,C5,Unilateral,,,,,,,,0,0,0,0,,,7,5,5,5,5.666666667,,179.66267,168.76,174.211335,174.211335,,63.9812,53.99,58.9856,58.9856,,0.257732,2.148853,1.2032925,1.2032925,,165.9001,171,168.45005,168.45005,,79.98104,58.63,69.30552,65.74701333,,1.804123,2.241173,2.022648,2.022648,,169.7355,175.04,172.38775,172.38775,,76.45781,81.47,78.963905,78.963905,,1.28866,0.797459,1.0430595,1.0430595,,162.941,178.46,170.7005,170.7005,,100.266884,112.49,106.378442,106.378442,,0.257732,3.592566,1.925149,1.925149,5,5,5,5,5,24,11.560846,4.545455,8.0531505,13.368767,12,,12,12,12,12,,13,13,12.5,3,,3,3,3,102,102,101,103,0,107.3138
Rat,LE,75-83days,F,M1017,1017,NYU,12.5,C5,Unilateral,,,,,,,,0,0,0,120,,,-6,17,32,24.5,14.33333333,,127.9144,140.96,134.4372,134.4372,,14.964664,12.25,13.607332,13.607332,,7.352942,5.114431,6.2336865,6.2336865,,103.01363,103,103.006815,103.006815,,96.02917,84.2,90.114585,88.14305667,,7.77311,9.73894,8.756025,8.756025,,143.36183,143.85,143.605915,143.605915,,120.29846,121.46,120.87923,120.87923,,0.630253,1.287588,0.9589205,0.9589205,,137.32933,142.02,139.674665,139.674665,,178.05434,132.41,155.23217,155.23217,,0.210085,3.336922,1.7735035,1.7735035,2,2,2,2,2,100,100,100,100,100,9,9,9,9,9,11,12,12,12,11.66666667,0,1,1,1,0.666666667,58,20,4,28,65,8.783422
Rat,LE,75-83days,F,M1018,1018,NYU,12.5,C5,Unilateral,,,,,,,,2,0,0,2230,,,-10,4,8,6,0.666666667,,113.9825,100.08,107.03125,107.03125,,8.853488,11.77,10.311744,10.311744,,18.939394,14.979624,16.959509,16.959509,,80.96603,98,89.483015,89.483015,,45.987686,30.27,38.128843,35.50922867,,23.484848,14.97073,19.227789,19.227789,,169.20633,169.29,169.248165,169.248165,,140.22108,122.91,131.56554,131.56554,,2.777779,0.738106,1.7579425,1.7579425,,160.69733,162.54,161.618665,161.618665,,154.40482,80.06,117.23241,117.23241,,1.767677,0.729214,1.2484455,1.2484455,2,2,3,2.5,2.333333333,85.71,36.50794,57.142857,46.8253985,59.78693233,9,9,9,9,9,12,6,12,9,10,0,1,1,1,0.666666667,62,16,0,29,74,11.590909
Rat,LE,75-83days,F,M1019,1019,SHAM,Sham,C5,Unilateral,,,,,,,,0,0,0,0,,,1,11,23,17,11.66666667,,164.83566,157.58,161.20783,161.20783,,80.694595,78.81,79.7522975,79.7522975,,1.041666,3.063234,2.05245,2.05245,,166.61667,158,162.308335,162.308335,,91.16315,95.19,93.176575,93.84771667,,0,0.166834,0.083417,0.083417,,162.305,155.03,158.6675,158.6675,,76.11084,53.68,64.89542,64.89542,,0,1.147696,0.573848,0.573848,,156.89267,157.46,157.176335,157.176335,,99.77049,74.09,86.930245,86.930245,,1.041666,1.748705,1.3951855,1.3951855,5,5,5,5,5,24.19,13.347739,25.806452,19.5770955,21.11473033,12,,12,12,12,13,,13,13,13,3,,3,3,3,101,101,103,100,0,106.23005
Rat,LE,75-83days,F,M1020,1020,NYU,6.25,C5,Unilateral,,,,,,,,2,0,0,2260,,,8,27,35,31,23.33333333,,162.78166,151.49,157.13583,157.13583,,68.23232,53.15,60.69116,60.69116,,0.268818,0.254435,0.2616265,0.2616265,,155.28934,139,147.14467,147.14467,,117.495445,98.8,108.1477225,105.031815,,2.95699,1.601658,2.279324,2.279324,,169.17334,161.15,165.16167,165.16167,,129.32097,75.85,102.585485,102.585485,,1.344086,1.744514,1.5443,1.5443,,160.485,157.92,159.2025,159.2025,,211.94302,95.59,153.76651,153.76651,,1.344086,0.111578,0.727832,0.727832,3,3,3,3,3,64.71,51.45658,45.833332,48.644956,53.99997067,9,9,9,9,9,12,11,12,11.5,11.66666667,2,3,3,3,2.666666667,67,38,11,52,43,7.11549
Rat,LE,75-83days,F,M1021,1021,NYU,12.5,C5,Unilateral,,,,,,,,3,0,0,2810,,,-3,13,25,19,11.66666667,,179.06154,150.83,164.94577,164.94577,,20.22475,9.88,15.052375,15.052375,,3.350515,4.75054,4.0505275,4.0505275,,103.693985,137,120.3469925,120.3469925,,76.23027,73.41,74.820135,74.35009,,13.14433,8.187305,10.6658175,10.6658175,,168.783,188.33,178.5565,178.5565,,159.04121,69.2,114.120605,114.120605,,4.381443,1.688622,3.0350325,3.0350325,,176.57233,189.9,183.236165,183.236165,,163.0426,111.56,137.3013,137.3013,,5.41237,1.748144,3.580257,3.580257,2,4,4,4,3.333333333,100,94.7619,97.64706,96.20448,97.46965333,9,9,9,9,9,11,10,11,10.5,10.66666667,3,2,3,2.5,2.666666667,48,19,3,26,61,7.234432
Rat,LE,75-83days,F,M1022,1022,NYU,12.5,C5,Unilateral,,,,,,,,3,0,0,2920,,,11,21,37,29,23,,167.79167,134.68,151.235835,151.235835,,9.414166,20.04,14.727083,14.727083,,9.210526,0.912264,5.061395,5.061395,,122.01875,110,116.009375,116.009375,,65.10472,86.61,75.85736,79.44157333,,9.736843,7.74529,8.7410665,8.7410665,,169.9375,154.81,162.37375,162.37375,,81.081,187.53,134.3055,134.3055,,0.263159,3.493238,1.8781985,1.8781985,,163.54167,142.91,153.225835,153.225835,,133.68117,208.71,171.195585,171.195585,,0.789474,3.339787,2.0646305,2.0646305,2,2,3,2.5,2.333333333,100,100,100,100,100,9,9,9,9,9,12,10,12,11,11.33333333,1,1,1,1,1,59,21,2,29,64,6.547237
Rat,LE,75-83days,F,M1023,1023,SHAM,Sham,C5,Unilateral,,,,,,,,0,0,0,0,,,2,15,28,21.5,15,,167.08966,153.1,160.09483,160.09483,,91.26804,103.29,97.27902,97.27902,,1.666666,2.125628,1.896147,1.896147,,165.58684,154,159.79342,159.79342,,88.705055,106.83,97.7675275,100.7883517,,1.666666,2.06015,1.863408,1.863408,,164.31683,153.25,158.783415,158.783415,,83.4089,183.94,133.67445,133.67445,,1.666666,1.058897,1.3627815,1.3627815,,162.2425,156.3,159.27125,159.27125,,120.283226,206.63,163.456613,163.456613,,1.666666,3.12688,2.396773,2.396773,5,5,5,5,5,20,24.045454,6.097561,15.0715075,16.71433833,12,,12,12,12,13,,13,13,13,3,,3,3,3,103,103,106,102,0,99.69697
Rat,LE,75-83days,F,M1024,1024,NYU,6.25,C5,Unilateral,,,,,,,,2,0,0,2040,,,-2,11,21,16,10,,159.54167,321.38,240.460835,240.460835,,42.345875,56.72,49.5329375,49.5329375,,0.581396,0.148994,0.365195,0.365195,,156.6875,168,162.34375,162.34375,,60.66775,76.65,68.658875,71.32258333,,1.744186,3.099274,2.42173,2.42173,,158.66667,164.95,161.808335,161.808335,,71.76813,135.33,103.549065,103.549065,,0.581396,1.007933,0.7946645,0.7946645,,155.4375,166.28,160.85875,160.85875,,130.38622,209.62,170.00311,170.00311,,1.744186,2.240334,1.99226,1.99226,5,3,5,4,4.333333333,100,35.51282,5,20.25641,46.83760667,10,12,10,11,10.66666667,12,13,12,12.5,12.33333333,3,3,3,3,3,71,49,12,68,31,24.549677
Rat,LE,75-83days,F,M1025,1025,NYU,12.5,C5,Unilateral,,,,,,,,2,1,0,1740,,,1,11,25,18,12.33333333,,73.125,150.9,112.0125,112.0125,,5.124167,17.95,11.5370835,11.5370835,,16.358025,8.48744,12.4227325,12.4227325,,126.316666,120,123.158333,123.158333,,85.59912,95.12,90.35956,91.94637333,,14.506172,11.02483,12.765501,12.765501,,197.47917,169.24,183.359585,183.359585,,58.647877,146.02,102.3339385,102.3339385,,0.925926,2.071203,1.4985645,1.4985645,,189.34584,166.6,177.97292,177.97292,,113.58967,171.49,142.539835,142.539835,,0.925926,0.46619,0.696058,0.696058,2,2,2,2,2,97.92,100,100,100,99.30666667,9,9,9,9,9,10,11,12,11.5,11,2,3,3,3,2.666666667,47,24,10,30,49,6.763232
Rat,LE,75-83days,F,M1026,1026,NYU,12.5,C5,Unilateral,,,,,,,,3,0,0,2880,,,0,10,38,24,16,,201.2315,170.89,186.06075,186.06075,,8.015224,11.8,9.907612,9.907612,,7.608696,11.162993,9.3858445,9.3858445,,105.49225,132,118.746125,118.746125,,84.54879,88.49,86.519395,87.17626333,,14.130436,11.975964,13.0532,13.0532,,190.83867,193.31,192.074335,192.074335,,101.56558,92.03,96.79779,96.79779,,2.173914,1.541496,1.857705,1.857705,,183.769,175.69,179.7295,179.7295,,113.7191,121.91,117.81455,117.81455,,4.347826,0.728525,2.5381755,2.5381755,2,3,4,3.5,3,100,97.560974,95.454544,96.507759,97.67183933,9,9,9,9,9,10,9,11,10,10,0,1,3,2,1.333333333,52,13,1,18,76,12.734442
Rat,LE,75-83days,F,M1027,1027,NYU,12.5,C5,Unilateral,,,,,,,,2,1,0,1920,,,3,28,52,40,27.66666667,,112.174934,179.7,145.937467,145.937467,,19.967049,10.43,15.1985245,15.1985245,,1.612904,5.853691,3.7332975,3.7332975,,105.03467,106,105.517335,105.517335,,89.296646,85.54,87.418323,86.79221533,,5.64516,9.331444,7.488302,7.488302,,128.5888,145.83,137.2094,137.2094,,140.09358,63.81,101.95179,101.95179,,1.612904,1.351246,1.482075,1.482075,,127.12106,139.88,133.50053,133.50053,,189.39847,119.63,154.514235,154.514235,,2.419355,2.126505,2.27293,2.27293,2,3,4,3.5,3,100,100,100,100,100,9,9,9,9,9,10,12,10,11,10.66666667,1,0,1,0.5,0.666666667,46,9,0,13,80,7.038631
Rat,LE,75-83days,F,M1028,1028,NYU,12.5,C5,Unilateral,,,,,,,,2,0,0,2100,,,-2,13,33,23,14.66666667,,121.407,154.26,137.8335,137.8335,,27.010979,14.92,20.9654895,20.9654895,,0.225225,3.265076,1.7451505,1.7451505,,106.870834,121,113.935417,113.935417,,69.94648,65.35,67.64824,66.88216,,10.135136,9.71089,9.923013,9.923013,,172.51,180,176.255,176.255,,94.56477,67.97,81.267385,81.267385,,5.18018,4.326344,4.753262,4.753262,,171.64333,171.65,171.646665,171.646665,,109.31232,100.29,104.80116,104.80116,,5.18018,2.119473,3.6498265,3.6498265,4,4,5,4.5,4.333333333,98.39,93.59155,98.305084,95.948317,96.76221133,9,9,9,9,9,12,12,12,12,12,3,3,3,3,3,65,26,7,37,60,12.861564
Rat,LE,75-83days,F,M1029,1029,NYU,6.25,C5,Unilateral,,,,,,,,2,0,0,2370,,,6,13,30,21.5,16.33333333,,160.95734,165.68,163.31867,163.31867,,19.298933,21.33,20.3144665,20.3144665,,4.591837,0.37424,2.4830385,2.4830385,,135.02234,163,149.01117,149.01117,,47.91706,78.13,63.02353,68.05902,,3.571428,2.77177,3.171599,3.171599,,168.11166,181.16,174.63583,174.63583,,57.713314,60.23,58.971657,58.971657,,0.510204,1.770517,1.1403605,1.1403605,,163.37534,170.13,166.75267,166.75267,,74.88946,100.29,87.58973,87.58973,,1.530613,1.375494,1.4530535,1.4530535,2,4,4,4,3.333333333,96.83,86.800575,78.78788,82.7942275,87.47281833,9,9,9,9,9,12,12,12,12,12,3,3,3,3,3,68,43,27,51,37,21.137566
Rat,LE,75-83days,F,M1030,1030,NYU,12.5,C5,Unilateral,,,,,,,,3,0,0,3180,,,5,23,41,32,23,,155.9,171.31,163.605,163.605,,5.766667,23.05,14.4083335,14.4083335,,9.883721,2.784498,6.3341095,6.3341095,,111.05,155,133.025,133.025,,36.513332,68.93,52.721666,58.124444,,7.55814,3.490118,5.524129,5.524129,,137.34666,179.32,158.33333,158.33333,,37.663334,57.42,47.541667,47.541667,,2.906977,0.279486,1.5932315,1.5932315,,134.16667,166.08,150.123335,150.123335,,40.786667,79.02,59.9033335,59.9033335,,0.581396,0.426132,0.503764,0.503764,2,2,3,2.5,2.333333333,100,100,100,100,100,9,9,9,9,9,12,11,13,12,12,3,3,2,2.5,2.666666667,52,18,3,24,65,3.408481
Rat,LE,75-83days,F,M1031,1031,NYU,12.5,C5,Unilateral,,,,,,,,3,0,0,2590,,,4,28,50,39,27.33333333,,113.333336,138.02,125.676668,125.676668,,6.239524,15.8,11.019762,11.019762,,4.62963,3.987818,4.308724,4.308724,,81.4,114,97.7,97.7,,25.903572,57.34,41.621786,46.86119067,,9.25926,10.790024,10.024642,10.024642,,122.183334,175.32,148.751667,148.751667,,49.44,69.53,59.485,59.485,,3.703703,3.155933,3.429818,3.429818,,118.34,173.95,146.145,146.145,,46.8,88.85,67.825,67.825,,0.925926,3.64627,2.286098,2.286098,3,3,4,3.5,3.333333333,100,100,100,100,100,9,9,9,9,9,12,12,12,12,12,0,2,3,2.5,1.666666667,69,20,2,27,71,3.472222
Rat,LE,75-83days,F,M1032,1032,NYU,6.25,C5,Unilateral,,,,,,,,2,0,0,1820,,,6,19,27,23,17.33333333,,127.05,119.43,123.24,123.24,,19.44,46.03,32.735,32.735,,1.635513,2.933071,2.284292,2.284292,,125.47,123,124.235,124.235,,33.58,81.08,57.33,65.24666667,,0.233644,0.133287,0.1834655,0.1834655,,113.86,130.34,122.1,122.1,,23.533333,85.79,54.6616665,54.6616665,,0.233644,1.802118,1.017881,1.017881,,124.25,122.93,123.59,123.59,,31.56,123.89,77.725,77.725,,1.168224,1.26424,1.216232,1.216232,5,5,5,5,5,41.3,21.122995,14.285714,17.7043545,25.56956967,11,12,12,12,11.66666667,13,12,13,12.5,12.66666667,3,3,3,3,3,69,45,5,64,36,23.68257
Rat,LE,75-83days,F,M1033,1033,NYU,12.5,C5,Unilateral,,,,,,,,3,0,0,2700,,,-5,11,15,13,7,,102.62334,138.54,120.58167,120.58167,,8.516666,18.26,13.388333,13.388333,,6.147541,8.957836,7.5526885,7.5526885,,69.119446,123,96.059723,96.059723,,51.577778,86.54,69.058889,74.885926,,12.704918,11.505775,12.1053465,12.1053465,,110.61,198.19,154.4,154.4,,61.073334,66.04,63.556667,63.556667,,2.868853,2.13362,2.5012365,2.5012365,,110.33,166.15,138.24,138.24,,107.4,94.17,100.785,100.785,,3.688524,0.41432,2.051422,2.051422,1,2,2,2,1.666666667,100,100,100,100,100,9,9,9,9,9,8,12,11,11.5,10.33333333,0,2,1,1.5,1,51,4,0,6,92,0
Rat,LE,75-83days,F,M1034,1034,NYU,12.5,C5,Unilateral,,,,,,,,3,0,0,2550,,,-2,6,17,11.5,7,,113.47667,164.58,139.028335,139.028335,,8.842381,12.56,10.7011905,10.7011905,,2.777779,6.336893,4.557336,4.557336,,81.314285,123,102.1571425,102.1571425,,42.892063,72.73,57.8110315,62.784021,,9.188034,10.83812,10.013077,10.013077,,117.51,192.55,155.03,155.03,,50.003334,58.19,54.096667,54.096667,,2.777779,1.92297,2.3503745,2.3503745,,121.35667,190.41,155.883335,155.883335,,104.96667,81.17,93.068335,93.068335,,3.632479,2.578255,3.105367,3.105367,3,4,4,4,3.666666667,100,99.0566,89.09091,94.073755,96.04917,9,9,9,9,9,11,12,12,12,11.66666667,2,3,2,2.5,2.333333333,55,24,1,34,57,12.107843
Rat,LE,75-83days,F,M1035,1035,SHAM,Sham,C5,Unilateral,,,,,,,,0,0,0,0,,,-6,6,15,10.5,5,,142.1312,153.71,147.9206,147.9206,,93.16736,66.18,79.67368,79.67368,,0.862068,0.016384,0.439226,0.439226,,136.59306,152,144.29653,144.29653,,87.590744,87.49,87.540372,87.52358133,,0.862068,1.614235,1.2381515,1.2381515,,134.8864,148.71,141.7982,141.7982,,83.22218,77.36,80.29109,80.29109,,0.862068,1.647003,1.2545355,1.2545355,,138.68373,148.21,143.446865,143.446865,,109.152855,85.37,97.2614275,97.2614275,,0.862068,0.016384,0.439226,0.439226,5,5,5,5,5,9.76,12.159091,6,9.0795455,9.306363667,12,,12,12,12,13,,13,13,13,3,,3,3,3,103,103,103,103,0,92.39245
Rat,LE,75-83days,F,M1036,1036,NYU,12.5,C5,Unilateral,,,,,,,,3,0,0,2720,,,-8,0,9,4.5,0.333333333,,117.57833,154.05,135.814165,135.814165,,34.153133,19.02,26.5865665,26.5865665,,1.69903,2.701033,2.2000315,2.2000315,,114.8017,120,117.40085,117.40085,,79.87751,55.71,67.793755,63.76583667,,2.184465,2.492691,2.338578,2.338578,,125.8513,135.39,130.62065,130.62065,,120.66652,50.26,85.46326,85.46326,,0.242718,0.802078,0.522398,0.522398,,121.2139,121.47,121.34195,121.34195,,157.7171,68.19,112.95355,112.95355,,0.728155,1.010422,0.8692885,0.8692885,2,2,3,2.5,2.333333333,100,93.501045,83.333336,88.4171905,92.278127,9,9,9,9,9,10,13,12,12.5,11.66666667,0,3,3,3,2,63,12,1,18,80,6.837606
Rat,LE,75-83days,F,M1037,1037,NYU,12.5,C5,Unilateral,,,,,,,,3,0,0,2710,,,-18,-1,4,1.5,-5,,189.78743,147.42,168.603715,168.603715,,10.15872,10.02,10.08936,10.08936,,8.333334,8.438465,8.3858995,8.3858995,,103.21981,117,110.109905,110.109905,,108.249275,77.58,92.9146375,87.80309167,,9.210526,7.873367,8.5419465,8.5419465,,142.67734,150.32,146.49867,146.49867,,106.368904,54.84,80.604452,80.604452,,1.31579,0.509823,0.9128065,0.9128065,,138.496,151.74,145.118,145.118,,198.46417,96.64,147.552085,147.552085,,2.192982,0.055277,1.1241295,1.1241295,2,2,2,2,2,100,100,100,100,100,9,9,9,9,9,10,12,11,11.5,11,0,1,2,1.5,1,49,7,0,10,86,5.555555
Rat,LE,75-83days,F,M1038,1038,NYU,6.25,C5,Unilateral,,,,,,,,2,0,0,2170,,,1,-3,2,-0.5,0,,128.96,151.76,140.36,140.36,,34.55185,14.64,24.595925,24.595925,,4.25926,3.447346,3.853303,3.853303,,96.239235,140,118.1196175,118.1196175,,69.30243,67.73,68.516215,68.25414333,,6.11111,8.913666,7.512388,7.512388,,131.3536,155.08,143.2168,143.2168,,154.5555,69.89,112.22275,112.22275,,2.037037,2.948061,2.492549,2.492549,,129.81516,141.32,135.56758,135.56758,,162.38481,81.42,121.902405,121.902405,,0.185184,2.518257,1.3517205,1.3517205,2,4,4,4,3.333333333,100,94.25676,93.283585,93.7701725,95.84678167,9,9,9,9,9,10,12,12,12,11.33333333,2,3,3,3,2.666666667,66,24,2,35,63,4.861111
Rat,LE,75-83days,F,M1039,1039,NYU,12.5,C5,Unilateral,,,,,,,,2,0,0,2400,,,-10,5,25,15,6.666666667,,224.14934,170.27,197.20967,197.20967,,15.161814,11.9,13.530907,13.530907,,9.347826,4.9211,7.134463,7.134463,,129.32632,125,127.16316,127.16316,,106.352776,73.15,89.751388,84.217592,,4.565218,5.049858,4.807538,4.807538,,153.95413,147.86,150.907065,150.907065,,122.25503,116,119.127515,119.127515,,1.086956,0.643953,0.8654545,0.8654545,,142.5408,144.94,143.7404,143.7404,,178.75163,164.27,171.510815,171.510815,,3.695652,0.772713,2.2341825,2.2341825,2,4,4,4,3.333333333,100,100,96.42857,98.214285,98.80952333,9,9,9,9,9,10,10,10,10,10,0,3,3,3,2,44,16,1,23,63,0
Rat,LE,75-83days,F,M1040,1040,NYU,12.5,C5,Unilateral,,,,,,,,2,0,0,2270,,,-6,5,30,17.5,9.666666667,,127.744,244.56,186.152,186.152,,14.55168,15.51,15.03084,15.03084,,9.782609,8.970901,9.376755,9.376755,,156.0448,159,157.5224,157.5224,,123.307945,92.44,107.8739725,102.729315,,4.347826,4.776463,4.5621445,4.5621445,,153.024,170.64,161.832,161.832,,122.60019,83.41,103.005095,103.005095,,2.173914,1.39656,1.785237,1.785237,,145.31291,160.85,153.081455,153.081455,,146.99026,110.34,128.66513,128.66513,,7.608696,2.797876,5.203286,5.203286,1,2,3,2.5,2,100,100,100,100,100,9,9,9,9,9,12,12,12,12,12,0,1,1,1,0.666666667,66,7,0,10,89,7.936508
Rat,LE,75-83days,F,M1041,1041,SHAM,Sham,C5,Unilateral,,,,,,,,0,0,0,0,,,5,29,60,44.5,31.33333333,,161.5232,164.83,163.1766,163.1766,,66.22387,79.55,72.886935,72.886935,,0.229359,2.447098,1.3382285,1.3382285,,168.192,168,168.096,168.096,,80.098305,91.35,85.7241525,87.599435,,2.06422,0.261118,1.162669,1.162669,,151.48373,162.92,157.201865,157.201865,,112.872925,87.28,100.0764625,100.0764625,,2.522936,0.261118,1.392027,1.392027,,151.936,164.68,158.308,158.308,,142.3441,120.72,131.53205,131.53205,,0.229359,1.924862,1.0771105,1.0771105,5,5,5,5,5,39.29,29.802326,39.02439,34.413358,36.03890533,12,,12,12,12,13,,13,13,13,3,,3,3,3,103,103,107,101,0,85.43995
Rat,LE,75-83days,F,M1042,1042,NYU,12.5,C5,Unilateral,,,,,,,,3,1,0,2670,,,5,11,30,20.5,15.33333333,,141.77707,153.73,147.753535,147.753535,,22.787968,39.94,31.363984,31.363984,,1.859505,0.178288,1.0188965,1.0188965,,125.058136,147,136.029068,136.029068,,75.91927,101.24,88.579635,92.79975667,,3.099174,3.04443,3.071802,3.071802,,154.9568,166.54,160.7484,160.7484,,85.71315,123.82,104.766575,104.766575,,1.859505,0.869675,1.36459,1.36459,,139.968,162.03,150.999,150.999,,132.54527,212,172.272635,172.272635,,0.619835,2.353043,1.486439,1.486439,2,3,3,3,2.666666667,33.33,100,97.297295,98.6486475,76.875765,9,9,10,9.5,9.333333333,11,12,12,12,11.66666667,1,3,3,3,2.333333333,44,8,0,11,82,7.34127
Rat,LE,75-83days,F,M1043,1043,NYU,12.5,C5,Unilateral,,,,,,,,3,0,0,2720,,,11,17,25,21,17.66666667,,39.253334,155.38,97.316667,97.316667,,15.3664,7.37,11.3682,11.3682,,20.604395,12.124097,16.364246,16.364246,,156.864,143,149.932,149.932,,85.80275,87.51,86.656375,86.94091667,,6.868132,8.496094,7.682113,7.682113,,154.82454,189.25,172.03727,172.03727,,74.273026,119.61,96.941513,96.941513,,6.868132,0.565052,3.716592,3.716592,,144.06827,158.89,151.479135,151.479135,,123.77882,154.79,139.28441,139.28441,,6.868132,4.193056,5.530594,5.530594,2,4,4,4,3.333333333,100,100,100,100,100,9,9,9,9,9,11,12,12,12,11.66666667,0,1,1,1,0.666666667,51,8,0,12,84,1.041667
Rat,LE,75-83days,F,M1044,1044,NYU,6.25,C5,Unilateral,,,,,,,,2,0,0,2350,,,-10,5.33333,19,12.166665,4.777776667,,127.01013,157.82,142.415065,142.415065,,27.09504,43.8,35.44752,35.44752,,1.470589,0.329332,0.8999605,0.8999605,,126.053185,160,143.0265925,143.0265925,,77.63347,99.61,88.621735,92.28449,,1.890757,3.972448,2.9316025,2.9316025,,147.1482,168.64,157.8941,157.8941,,87.57235,122.19,104.881175,104.881175,,1.05042,0.920584,0.985502,0.985502,,146.432,157.76,152.096,152.096,,156.74266,173.9,165.32133,165.32133,,1.470589,2.722532,2.0965605,2.0965605,2,3,4,3.5,3,97.3,88.793106,71.42857,80.110838,85.84055867,9,9,9,9,9,12,12,12,12,12,2,3,3,3,2.666666667,64,22,2,31,65,5.555555
Rat,LE,75-83days,F,M1045,1045,SHAM,Sham,C5,Unilateral,,,,,,,,0,0,0,0,,,14,36,52,44,34,,146.47467,177.49,161.982335,161.982335,,87.81427,87.08,87.447135,87.447135,,2.981651,0.072315,1.526983,1.526983,,163.54987,177,170.274935,170.274935,,123.351425,101.89,112.6207125,109.0438083,,2.06422,2.267788,2.166004,2.166004,,126.493866,176.32,151.406933,151.406933,,146.57246,115.57,131.07123,131.07123,,2.522936,0.116987,1.3199615,1.3199615,,135.98172,175.44,155.71086,155.71086,,160.8768,150.35,155.6134,155.6134,,2.522936,2.078487,2.3007115,2.3007115,5,5,5,5,5,20,12.535612,14.285714,13.410663,15.60710867,12,,12,12,12,13,,13,13,13,3,,3,3,3,101,101,96,103,0,83.565216
Rat,LE,75-83days,F,M1046,1046,NYU,12.5,C5,Unilateral,,,,,,,,3,0,0,2680,,,,31,60,45.5,45.5,,122.5216,134.33,128.4258,128.4258,,25.113089,33.78,29.4465445,29.4465445,,2.419355,1.002401,1.710878,1.710878,,96.487114,110,103.243557,103.243557,,81.28196,97.39,89.33598,92.02065333,,8.870968,10.263084,9.567026,9.567026,,149.056,176.97,163.013,163.013,,100.6598,140.15,120.4049,120.4049,,2.419355,5.190678,3.8050165,3.8050165,,156.70613,176.18,166.443065,166.443065,,148.96405,183.54,166.252025,166.252025,,4.032259,6.074808,5.0535335,5.0535335,3,3,3,3,3,100,97.22222,100,98.61111,99.07407333,9,9,9,9,9,12,12,12,12,12,3,3,3,3,3,52,16,2,22,69,9.599673
Rat,LE,75-83days,F,M1047,1047,NYU,12.5,C5,Unilateral,,,,,,,,3,0,0,2730,,,,13,36,24.5,24.5,,107.66141,130.24,118.950705,118.950705,,28.868023,20.52,24.6940115,24.6940115,,0.373135,0.060709,0.216922,0.216922,,114.809906,122,118.404953,118.404953,,98.906975,88.72,93.8134875,92.11565833,,2.61194,3.521885,3.0669125,3.0669125,,126.5408,140.62,133.5804,133.5804,,117.255424,131.11,124.182712,124.182712,,1.865671,1.026043,1.445857,1.445857,,122.88,141.95,132.415,132.415,,150.74129,159.21,154.975645,154.975645,,1.119404,2.435133,1.7772685,1.7772685,3,3,3,3,3,100,100,100,100,100,9,9,9,9,9,11,9,11,10,10.33333333,1,2,2,2,1.666666667,66,11,0,15,83,2.564102
Rat,LE,75-83days,F,M1048,1048,NYU,6.25,C5,Unilateral,,,,,,,,2,0,0,1750,,,,36,61,48.5,48.5,,177.50613,141.43,159.468065,159.468065,,94.68659,87.8,91.243295,91.243295,,0.789474,0.444963,0.6172185,0.6172185,,162.67093,141,151.835465,151.835465,,111.813034,97.74,104.776517,102.4310113,,0.789474,2.004744,1.397109,1.397109,,153.92,141.67,147.795,147.795,,109.97043,58.75,84.360215,84.360215,,1.31579,0.464128,0.889959,0.889959,,149.72586,140.91,145.31793,145.31793,,146.37099,114.42,130.395495,130.395495,,0.263159,2.02391,1.1435345,1.1435345,5,5,5,5,5,27.27,19.985775,14.285714,17.1357445,20.51382967,12,,12,12,12,13,,12,12,12.5,3,,3,3,3,77,49,10,69,36,33.392857
Rat,LE,75-83days,F,M1049,1049,NYU,12.5,C5,Unilateral,,,,,,,,3,0,0,2800,,,-7,12,39,25.5,14.66666667,,137.61707,132.41,135.013535,135.013535,,16.3072,16.38,16.3436,16.3436,,5.32787,1.306183,3.3170265,3.3170265,,99.69168,115,107.34584,107.34584,,88.59305,88.72,88.656525,88.67768333,,10.245903,9.700806,9.9733545,9.9733545,,156.2112,183.76,169.9856,169.9856,,141.5465,119.97,130.75825,130.75825,,3.688524,5.179008,4.433766,4.433766,,139.15733,183.43,161.293665,161.293665,,151.50822,166.04,158.77411,158.77411,,1.229507,5.827978,3.5287425,3.5287425,2,2,2,2,2,100,96.15385,100,98.076925,98.71795,9,9,9,9,9,12,12,11,11.5,11.66666667,0,3,3,3,2,51,9,1,13,82,6.746031
Rat,LE,75-83days,F,M1050,1050,SHAM,Sham,C5,Unilateral,,,,,,,,0,0,0,0,,,,31,52,41.5,41.5,,188.75734,166.14,177.44867,177.44867,,85.51629,80.95,83.233145,83.233145,,0.268818,1.090368,0.679593,0.679593,,187.584,165,176.292,176.292,,79.604095,92.68,86.1420475,88.321365,,1.344086,0.566378,0.955232,0.955232,,175.63307,161.67,168.651535,168.651535,,116.32192,88.08,102.20096,102.20096,,0.806452,0.465368,0.63591,0.63591,,182.42134,162.91,172.66567,172.66567,,129.24454,96.73,112.98727,112.98727,,0.806452,1.191378,0.998915,0.998915,5,5,5,5,5,1.82,12.245464,9.333333,10.7893985,7.799599,12,12,11,11.5,11.66666667,13,13,12,12.5,12.66666667,3,3,3,3,3,103,103,100,105,0,114.66308
Rat,LE,75-83days,F,M1052,1052,NYU,12.5,C5,Unilateral,,,,,,,,2,1,0,1890,,,7,28,53,40.5,29.33333333,,265.472,160.53,213.001,213.001,,22.98688,20.56,21.77344,21.77344,,9.158416,2.378574,5.768495,5.768495,,130.86293,118,124.431465,124.431465,,109.6247,107.51,108.56735,108.2149,,8.66337,8.444817,8.5540935,8.5540935,,163.29813,170.99,167.144065,167.144065,,135.34349,124.27,129.806745,129.806745,,1.237623,2.75693,1.9972765,1.9972765,,160.96,173.03,166.995,166.995,,160.17433,174.31,167.242165,167.242165,,1.732674,3.30931,2.520992,2.520992,2,2,3,2.5,2.333333333,100,94.493004,82.608696,88.55085,92.36723333,9,9,9,9,9,12,11,11,11,11.33333333,0,2,3,2.5,1.666666667,49,19,3,26,62,14.210525
Rat,LE,75-83days,F,M1053,1053,SHAM,Sham,C5,Unilateral,,,,,,,,0,0,0,0,,,3,23,41,32,22.33333333,,154.6496,146.79,150.7198,150.7198,,59.29011,79.46,69.375055,69.375055,,0.225225,0.573494,0.3993595,0.3993595,,170.53014,140,155.26507,155.26507,,66.92045,88.86,77.890225,81.54681667,,1.576576,1.843801,1.7101885,1.7101885,,149.4272,136.31,142.8686,142.8686,,72.92723,123.53,98.228615,98.228615,,1.126125,0.779375,0.95275,0.95275,,151.82933,140.69,146.259665,146.259665,,98.49638,181.14,139.81819,139.81819,,0.225225,2.049685,1.137455,1.137455,5,5,5,5,5,25.27,23.581213,36.363636,29.9724245,28.40494967,12,,12,12,12,13,,13,13,13,3,,3,3,3,103,103,104,102,0,98.92644
Rat,LE,75-83days,F,M1054,1054,NYU,6.25,C5,Unilateral,,,,,,,,2,0,0,2130,,,5,21,32,26.5,19.33333333,,169.9712,136.65,153.3106,153.3106,,49.95648,29.99,39.97324,39.97324,,0,0.90142,0.45071,0.45071,,170.7392,139,154.8696,154.8696,,114.614525,109.4,112.0072625,111.138175,,1,2.679197,1.8395985,1.8395985,,176.6784,161.57,169.1242,169.1242,,145.04626,142.63,143.83813,143.83813,,1,1.402674,1.201337,1.201337,,165.2224,152.83,159.0262,159.0262,,170.9998,194.98,182.9899,182.9899,,0,2.177944,1.088972,1.088972,5,3,4,3.5,4,80,71.90476,63.636364,67.770562,71.84704133,9,9,9,9,9,12,11,12,11.5,11.66666667,2,2,2,2,2,62,29,16,38,52,10.144497
Rat,LE,75-83days,F,M1055,1055,SHAM,Sham,C5,Unilateral,,,,,,,,0,0,0,0,,,3,12,25,18.5,13.33333333,,159.14972,188.09,173.61986,173.61986,,72.463554,74.97,73.716777,73.716777,,0,0.675856,0.337928,0.337928,,155.82355,186,170.911775,170.911775,,72.193855,105.76,88.9769275,94.571285,,0.862068,0.755222,0.808645,0.808645,,144.64427,184.46,164.552135,164.552135,,70.25536,85.37,77.81268,77.81268,,0,0.437761,0.2188805,0.2188805,,149.12,185.45,167.285,167.285,,82.7904,105.56,94.1752,94.1752,,0.862068,0.993317,0.9276925,0.9276925,5,5,5,5,5,12.9,25.57773,38.88889,32.23331,25.78887333,12,,11,11,11.5,13,,13,13,13,3,,3,3,3,101,101,102,101,0,103.82395
Rat,LE,75-83days,F,M1056,1056,NYU,12.5,C5,Unilateral,,,,,,,,2,0,0,2210,,,4,16,34,25,18,,149.5936,176.85,163.2218,163.2218,,28.758017,11.58,20.1690085,20.1690085,,7.222221,4.54297,5.8825955,5.8825955,,90.9568,120,105.4784,105.4784,,104.23921,87.37,95.804605,92.99307,,9.814816,9.04923,9.432023,9.432023,,130.304,172.69,151.497,151.497,,106.67776,83.24,94.95888,94.95888,,1.296297,2.241224,1.7687605,1.7687605,,142.72427,167.42,155.072135,155.072135,,160.66983,150.91,155.789915,155.789915,,1.296297,2.265034,1.7806655,1.7806655,2,2,2,2,2,100,100,100,100,100,9,9,9,9,9,11,11,11,11,11,1,2,3,2.5,2,47,12,0,17,75,4.444444
Rat,LE,75-83days,F,M1057,1057,NYU,12.5,C5,Unilateral,,,,,,,,3,0,0,2510,,,-3,-7,9,1,-0.333333333,,174.67734,150.83,162.75367,162.75367,,37.572865,29.06,33.3164325,33.3164325,,7.352942,6.182539,6.7677405,6.7677405,,88.323044,88,88.161522,88.161522,,99.49207,77.16,88.326035,84.60402333,,10.294117,10.345238,10.3196775,10.3196775,,150.848,132.1,141.474,141.474,,150.28787,135.06,142.673935,142.673935,,2.941177,1.694445,2.317811,2.317811,,121.51955,126.92,124.219775,124.219775,,143.01727,138.47,140.743635,140.743635,,0,2.468254,1.234127,1.234127,2,3,5,4,3.333333333,100,100,100,100,100,9,9,9,9,9,11,11,10,10.5,10.66666667,2,2,3,2.5,2.333333333,54,28,12,36,48,11.808367
Rat,LE,75-83days,F,M1058,1058,NYU,12.5,C5,Unilateral,,,,,,,,3,0,0,3140,,,10,30,32,31,24,,150.45546,144.85,147.65273,147.65273,,23.826578,40.09,31.958289,31.958289,,1.363636,0.972878,1.168257,1.168257,,144.5376,132,138.2688,138.2688,,91.214935,102.96,97.0874675,99.04497833,,2.272728,2.338396,2.305562,2.305562,,164.7232,153.03,158.8766,158.8766,,74.38746,146.89,110.63873,110.63873,,0.454546,2.062206,1.258376,1.258376,,163.28534,148.3,155.79267,155.79267,,109.604355,155.14,132.3721775,132.3721775,,3.181818,1.24907,2.215444,2.215444,2,3,3,3,2.666666667,92.86,78.20856,70,74.10428,80.35618667,9,9,9,9,9,11,12,12,12,11.66666667,3,3,3,3,3,60,33,14,39,46,25.582611
Rat,LE,75-83days,F,M1059,1059,NYU,12.5,C5,Unilateral,,,,,,,,3,0,0,2710,,,9,27,38,32.5,24.66666667,,131.264,185.4,158.332,158.332,,17.75488,35.44,26.59744,26.59744,,10.294118,2.12594,6.210029,6.210029,,107.86895,133,120.434475,120.434475,,106.23729,120.85,113.543645,115.9790967,,13.235294,4.850897,9.0430955,9.0430955,,172.34346,167.85,170.09673,170.09673,,143.57657,127.65,135.613285,135.613285,,1.470589,1.267591,1.36909,1.36909,,163.2,168.28,165.74,165.74,,136.10855,165.16,150.634275,150.634275,,1.470589,1.457365,1.463977,1.463977,2,4,3,3.5,3,100,91.23775,85.416664,88.327207,92.218138,9,9,9,9,9,10,11,11,11,10.66666667,1,2,2,2,1.666666667,62,25,2,34,59,12.481963
Rat,LE,75-83days,F,M1060,1060,NYU,6.25,C5,Unilateral,,,,,,,,2,0,0,1980,,,-6,19,38,28.5,17,,117.431465,158.41,137.9207325,137.9207325,,41.143032,26.06,33.601516,33.601516,,0.555555,0.723915,0.639735,0.639735,,117.006935,162,139.5034675,139.5034675,,53.7818,92.84,73.3109,79.8206,,0.925926,0.971672,0.948799,0.948799,,145.29768,161.64,153.46884,153.46884,,71.254425,121.71,96.4822125,96.4822125,,0.555555,0.414318,0.4849365,0.4849365,,133.29066,164.3,148.79533,148.79533,,92.16936,174.29,133.22968,133.22968,,0.185184,0.166561,0.1758725,0.1758725,2,3,3,3,2.666666667,96.43,86.28514,88.46154,87.37334,90.39222667,9,9,9,9,9,12,12,12,12,12,2,3,3,3,2.666666667,72,21,1,30,71,0
Rat,LE,75-83days,F,M1061,1061,NYU,12.5,C5,Unilateral,,,,,,,,3,1,0,2910,,,10,22,31,26.5,21,,130.83246,130.9,130.86623,130.86623,,52.458828,44.85,48.654414,48.654414,,1.5625,0.888866,1.225683,1.225683,,121.06362,122,121.53181,121.53181,,93.14557,90.7,91.922785,91.51519,,2.34375,5.563004,3.953377,3.953377,,141.568,158.13,149.849,149.849,,106.032455,98.68,102.3562275,102.3562275,,0,0.832872,0.416436,0.416436,,145.98827,173.84,159.914135,159.914135,,147.91724,146,146.95862,146.95862,,0.78125,3.841265,2.3112575,2.3112575,3,4,4,4,3.666666667,86.84,95.60284,100,97.80142,94.14761333,9,9,9,9,9,11,12,12,12,11.66666667,2,2,3,2.5,2.333333333,66,19,3,27,71,10.41453
Rat,LE,75-83days,,R2041,2041,IH-impactor,75kdyn,C5,Unilateral,,,75,76,723,120,0,,,,723,,,2,0,-2,-1,0,111.44,107.846,124.7,116.273,114.662,79.456,98.49,76.93332,87.71166,84.95977333,1.286,3.296,1.91,2.603,2.164,25.274,23.88,26,24.94,25.05133333,92.992,91.67,94.15666,92.91333,92.93955333,0.274,1.12,0.87,0.995,0.754666667,105.12,103.11,103.11,103.11,103.78,241.346,271.817,271.77,271.7935,261.6443333,1.29,1.87,1.51,1.69,1.556666667,261.548,111,111.4,111.2,161.316,261.7,277.36,277.356,277.358,272.1386667,0.27,0.74,0.898,0.819,0.636,4,5,5,5,4.666666667,47.5,41.85,27.82,34.835,39.05666667,11,12,12,12,11.66666667,13,13,13,13,13,3,3,3,3,3,81,35,1,60,45,26.140886
Rat,LE,75-83days,,R2042,2042,IH-impactor,100kdyn,C5,Unilateral,,,100,103,952,127,0,,,,952,,,-3,-10,-5,-7.5,-6,132.3466,115.38,118.74,117.06,122.1555333,97.456,99.78,72.9,86.34,90.04533333,2.718,2.336,0.69,1.513,1.914666667,112.91,117.254,112,114.627,114.0546667,118.42,111.02,72.606,91.813,100.682,0.376,0.356,0.69,0.523,0.474,110.12,121.04,116.96,119,116.04,285.374,263.88,105.2,184.54,218.1513333,2.72,0.75,0.75,0.75,1.406666667,115.96,95.086,113.3,104.193,108.1153333,284,320.07,122.1,221.085,242.0566667,0.38,0.75,0.75,0.75,0.626666667,3,4,5,4.5,4,75.56,68.87,81.58,75.225,75.33666667,10,12,12,12,11.33333333,12,13,13,13,12.66666667,3,3,3,3,3,65,33,0,49,32,19.043062
Rat,LE,75-83days,,R2043,2043,IH-impactor,75kdyn,C5,Unilateral,,,75,76,1358,124,0,,,,1358,,,-19.5,-20,-0.5,-10.25,-13.33333333,139.87,109.504,115.54,112.522,121.638,50.43,79.848,54.434,67.141,61.57066667,2.774,1.91,2.778,2.344,2.487333333,130.6,106.62,110,108.31,115.74,98.719,111.286,55.144,83.215,88.383,4.014,0,0.522,0.261,1.512,136.16,95.794,121.24,108.517,117.7313333,90.1,176.02,109.55,142.785,125.2233333,2.77,0.21,1.72,0.965,1.566666667,130.04,125.04,116.8,120.92,123.96,102.7,242.053,104.4,173.2265,149.7176667,4.01,0.76,2.65,1.705,2.473333333,2,3,5,4,3.333333333,64.56,47.97,38.18,43.075,50.23666667,10,10,11,10.5,10.33333333,13,13,13,13,13,3,3,3,3,3,86,58,4,98,27,4.166666
Rat,LE,75-83days,,R2044,2044,IH-impactor,100kdyn,C5,Unilateral,,,100,103,917,122,0,,,,917,,,-3,2.5,19,10.75,6.166666667,116.3,114.92,112.64,113.78,114.62,76.81,75.22,61.03,68.125,71.02,3.264,0.34,0.54,0.44,1.381333333,116.36,112.08,111,111.54,113.1466667,139.47,98.42,82.4,90.41,106.7633333,3.042,0.06,0.27,0.165,1.124,115.96,109.86,108.26,109.06,111.36,226.36,238.547,139.763,189.155,201.5566667,3.26,2.13,1.3,1.715,2.23,128.88,120.18,108.76,114.47,119.2733333,254.166,278.267,174.602,226.4345,235.6783333,3.04,1.09,1.19,1.14,1.773333333,3,3,3,3,3,90.91,60.32,69.62,64.97,73.61666667,9,10,9,9.5,9.333333333,11,12,13,12.5,12,2,3,3,3,2.666666667,74,12,0,19,62,18.911674
Rat,LE,75-83days,,R2045,2045,IH-impactor,75kdyn,C5,Unilateral,,,75,77,740,124,0,,,,740,,,0,0,22,11,7.333333333,126.79,118.23,152.1,135.165,132.3733333,102.91,88.24,114.346,101.293,101.832,2.08,0.396,2.162,1.279,1.546,133.04,115.43,159,137.215,135.8233333,147.87,109.53,119.64,114.585,125.68,0.47,0.54,0.334,0.437,0.448,137.84,120.11,128.76,124.435,128.9033333,275.296,242.36,103.796,173.078,207.1506667,2.08,2.56,0.54,1.55,1.726666667,151.26,112.64,130.28,121.46,131.3933333,338.464,214.607,123.886,169.2465,225.6523333,0.47,0.74,2.67,1.705,1.293333333,4,5,5,5,4.666666667,46.67,52.54,46.88,49.71,48.69666667,10,10,12,11,10.66666667,12,13,13,13,12.66666667,3,3,3,3,3,67,43,0,64,24,13.406593
Rat,LE,75-83days,,R2046,2046,IH-impactor,100kdyn,C5,Unilateral,,,100,100,793,124,0,,,,793,,,-8,4,25,14.5,7,104.5,117.34,101.986,109.663,107.942,59.69,65.08,58.346,61.713,61.03866667,1.398,2.93,1.666,2.298,1.998,109.39,111.02,107,109.01,109.1366667,188.25,117.64,100.328,108.984,135.406,1.35,0.08,0.826,0.453,0.752,129.18,113.66,105.346,109.503,116.062,245.893,203.21,203.477,203.3435,217.5266667,1.4,0.01,0.68,0.345,0.696666667,177.62,113.42,105.086,109.253,132.042,335.6,230.36,210.439,220.3995,258.7996667,1.35,2.06,1.44,1.75,1.616666667,2,2,2,2,2,100,96.88,96.67,96.775,97.85,9,9,10,9.5,9.333333333,10,12,12,12,11.33333333,1,2,3,2.5,2,54,21,0,32,33,12.812876
Rat,LE,75-83days,,R2047,2047,IH-impactor,75kdyn,C5,Unilateral,,,75,79,1358,124,0,,,,1358,,,11,20.5,39,29.75,23.5,141.7174,121.2,110.19,115.695,124.3691333,109.68,67.45,91.2866,79.3683,89.4722,2.18,0.69,0.816,0.753,1.228666667,127.27,122.2,112,117.1,120.49,108.081,98.934,121.55,110.242,109.5216667,0.432,0.69,1.468,1.079,0.863333333,139.8,119.22,113.174,116.197,124.0646667,192.77,160.273,163.646,161.9595,172.2296667,2.18,0.09,0.82,0.455,1.03,140.02,127.5,113.234,120.367,126.918,242.043,203.7,153.719,178.7095,199.8206667,0.43,0.4,0.18,0.29,0.336666667,4,5,5,5,4.666666667,30.36,33.71,37.88,35.795,33.98333333,10,11,12,11.5,11,13,13,13,13,13,3,3,3,3,3,74,32,0,49,39,21.752596
Rat,LE,75-83days,,R2048,2048,IH-impactor,100kdyn,C5,Unilateral,,,100,102,1146,120,0,,,,1146,,,-4,3,18,10.5,5.666666667,149.68,114.72,117.26,115.99,127.22,23.89,31.886,46.776,39.331,34.184,0.184,0.194,1.7,0.947,0.692666667,208.3,122.44,110,116.22,146.9133333,159.666,62.014,61.734,61.874,94.47133333,0.432,1.104,1.698,1.401,1.078,217.7,116.04,109.26,112.65,147.6666667,272.6,104.508,135.368,119.938,170.8253333,0.18,0.53,0.77,0.65,0.493333333,282.38,122.22,112.24,117.23,172.28,336.176,139.603,134.159,136.881,203.3126667,0.43,1.59,1.27,1.43,1.096666667,3,3,3,3,3,85.73,84.62,76.32,80.47,82.22333333,9,9,9,9,9,12,13,12,12.5,12.33333333,3,3,3,3,3,50,26,3,36,24,2.857143
Rat,LE,75-83days,,R2070,2070,IH-impactor,75kdyn,C5,Unilateral,,,75,80,1005,120,0,,,,1005,,,-3,-15,4,-5.5,-4.666666667,127.76,126.64,112.826,119.733,122.4086667,73.31,73.56,54.796,64.178,67.222,1.744,0.282,1.814,1.048,1.28,132.04,127.66,117,122.33,125.5666667,141.04,101.2,63.44,82.32,101.8933333,0.568,0.216,0.472,0.344,0.418666667,131.46,164.65,137.2,150.925,144.4366667,213.6,136.16,170.509,153.3345,173.423,0.57,1.29,0.57,0.93,0.81,146.02,188.22,138.16,163.19,157.4666667,263.59,183.72,224.562,204.141,223.9573333,1.82,1.2,1.82,1.51,1.613333333,2,3,3,3,2.666666667,85.53,79.63,83.51,81.57,82.89,9,9,12,10.5,10,12,11,13,12,12,1,3,3,3,2.333333333,78,18,0,28,60,40.759136
Rat,LE,75-83days,,R2071,2071,IH-impactor,100kdyn,C5,Unilateral,,,100,102,1305,122,0,,,,1305,,,2,0,35,17.5,12.33333333,113.74,113.374,115.28,114.327,114.1313333,82.08,82.08,78.34,80.21,80.83333333,2.85,2.852,0.77,1.811,2.157333333,122.26,122.26,118,120.13,120.84,146.16,146.16,121.26,133.71,137.86,2.48,2.24,1.824,2.032,2.181333333,123.06,119.4,112,115.7,118.1533333,226.83,146.1,226.06,186.08,199.6633333,1.48,1.48,1.48,1.48,1.48,114.92,114.92,95.14,105.03,108.3266667,241.89,245.1433,201.933,223.53815,229.6554333,1.59,1.59,1.59,1.59,1.59,2,3,3,3,2.666666667,68.35,57.69,70,63.845,65.34666667,9,9,9,9,9,12,12,12,12,12,2,3,3,3,2.666666667,72,33,0,49,39,16.01747
Rat,LE,75-83days,,R2072,2072,IH-impactor,75kdyn,C5,Unilateral,,,75,75,1164,122,0,,,,1164,,,-2,0,6,3,1.333333333,148.14,120.82,133.66,127.24,134.2066667,84.11,95.12,54.07,74.595,77.76666667,0.118,2.094,0.654,1.374,0.955333333,153.42,131.06,132,131.53,138.8266667,116.91,108.75,55.65,82.2,93.77,1.026,0.762,2.908,1.835,1.565333333,150.48,111.6,117.86,114.73,126.6466667,110.8827,120.82,85.324,103.072,105.6755667,1.13,3.24,1.13,2.185,1.833333333,185.74,146.08,145.78,145.93,159.2,197.7166,153.8,130.894,142.347,160.8035333,2.03,0.38,2.03,1.205,1.48,2,2,4,3,2.666666667,79.75,65.9,67.86,66.88,71.17,9,9,9,9,9,11,12,12,12,11.66666667,3,3,3,3,3,87,22,0,33,64,0
Rat,LE,75-83days,,R2073,2073,IH-impactor,100kdyn,C5,Unilateral,,,100,101,1605,129,0,,,,1605,,,-6,-10,-13,-11.5,-9.666666667,113.77,134.41,108.58,121.495,118.92,155.7,101.1,75.196,88.148,110.6653333,3.678,0.01,1.622,0.816,1.77,190.38,177.92,108,142.96,158.7666667,229.92,168.82,89.5,129.16,162.7466667,3.43,3.012,0.2,1.606,2.214,128.98,136.55,112.06,124.305,125.8633333,358.6,122.2,223.21,172.705,234.67,0.28,4.62,0.28,2.45,1.726666667,136.4,151.42,108.9,130.16,132.24,355.7,234.838,236.86,235.849,275.7993333,0.03,2.33,0.03,1.18,0.796666667,2,3,3,3,2.666666667,100,99.12,84.44,91.78,94.52,9,9,9,9,9,12,12,12,12,12,2,1,3,2,2,112,16,0,26,68,7.202842
Rat,LE,75-83days,,R2074,2074,IH-impactor,100kdyn,C5,Unilateral,,,100,107,1093,120,0,,,,1093,,,-13,-20,3,-8.5,-10,115.75,115.35,114.76,115.055,115.2866667,82.4,72.395,92.284,82.3395,82.35966667,1.25,0.326,0.448,0.387,0.674666667,135.86,114.325,140,127.1625,130.0616667,172.36,117.9,211.3,164.6,167.1866667,1.25,0.322,7.584,3.953,3.052,130.44,113.35,121.58,117.465,121.79,286.14,93.16,225.804,159.482,201.7013333,1.25,0.73,1.25,0.99,1.076666667,154.24,122.7,110.406,116.553,129.1153333,386.83,217.4,177.33,197.365,260.52,2.5,0.74,2.5,1.62,1.913333333,2,2,2,2,2,100,97.3,94.74,96.02,97.34666667,9,9,9,9,9,12,11,12,11.5,11.66666667,2,2,2,2,2,74,16,0,23,57,26.82972
Rat,LE,75-83days,,R2075,2075,IH-impactor,100kdyn,C5,Unilateral,,,100,104,1058,120,0,,,,1058,,,-7,-20,-9,-14.5,-12,135.3,148.04,119.78,133.91,134.3733333,47.82,58.5,57.614,58.057,54.64466667,4.704,0.12,1.35,0.735,2.058,192.76,185,154,169.5,177.2533333,262.2,179.02,135.78,157.4,192.3333333,5.232,3.976,1.754,2.865,3.654,150.7,136.44,124.94,130.69,137.36,289.32,116.88,196.23,156.555,200.81,0.22,7.7,0.92,4.31,2.946666667,149.1,166.4,119.54,142.97,145.0133333,287.98,264.7,223.21,243.955,258.63,0.74,2.95,0.52,1.735,1.403333333,2,2,2,2,2,100,100,95.88,97.94,98.62666667,9,9,9,9,9,12,11,11,11,11.33333333,1,2,1,1.5,1.333333333,82,25,0,40,57,0
Rat,LE,75-83days,,R2076,2076,IH-impactor,100kdyn,C5,Unilateral,,,100,100,1146,122,0,,,,1146,,,-5,-8,2,-3,-3.666666667,119.44,96.76,118.66,107.71,111.62,114.75,114.742,89.68,102.211,106.3906667,0.072,0.842,0.258,0.55,0.390666667,168.38,129.08,115,122.04,137.4866667,191.9,127.12,95.55,111.335,138.19,3.702,1.287,0.116,0.7015,1.701666667,122.6,125.04,118.06,121.55,121.9,280.43,122.01,185.19,153.6,195.8766667,3.1,2.52,1.45,1.985,2.356666667,152.12,146.52,137.74,142.13,145.46,271.49,205.76,184.36,195.06,220.5366667,0.66,0.41,1.31,0.86,0.793333333,3,2,3,2.5,2.666666667,85.71,74.63,65.81,70.22,75.38333333,9,9,9,9,9,12,12,11,11.5,11.66666667,3,3,3,3,3,77,36,0,56,41,17.351171
Rat,LE,75-83days,,R2077,2077,IH-impactor,75kdyn,C5,Unilateral,,,75,79,970,120,0,,,,970,,,-1,-2,18,8,5,121.76,141.76,117.02,129.39,126.8466667,69.936,78.74,69.724,74.232,72.8,5.942,1.958,1.158,1.558,3.019333333,178.46,124.44,116,120.22,139.6333333,136.65,85.894,70.524,78.209,97.68933333,5.83,4.924,0.198,2.561,3.650666667,208.6,161.48,122.92,142.2,164.3333333,407.3,202.016,141.336,171.676,250.2173333,8.13,1.13,8.11,4.62,5.79,130.22,155.886,137.74,146.813,141.282,405.076,240.36,287.4,263.88,310.9453333,3.64,3.5,3.63,3.565,3.59,2,3,4,3.5,3,89.08,65.81,66.98,66.395,73.95666667,9,9,11,10,9.666666667,12,12,12,12,12,3,3,3,3,3,85,46,3,60,39,28.79041
Rat,LE,75-83days,,R2078,2078,IH-impactor,75kdyn,C5,Unilateral,,,75,80,970,122,0,,,,970,,,11,24,26,25,20.33333333,139.066,110.798,107.846,109.322,119.2366667,75.8,137.4566,98.49,117.9733,103.9155333,2.064,1.77,0.022,0.896,1.285333333,127.266,121.99,119,120.495,122.752,115.236,147.46,91.67,119.565,118.122,1.704,0.188,1.134,0.661,1.008666667,145.36,124.154,108.61,116.382,126.0413333,246.06,302.7,247.36,275.03,265.3733333,2.05,1.23,2.05,1.64,1.776666667,144.86,113.886,115.5,114.693,124.7486667,314.14,240.36,257.24,248.8,270.58,5.26,1.5,5.25,3.375,4.003333333,2,3,3,3,2.666666667,79.71,97.75,54.74,76.245,77.4,9,9,9,9,9,12,12,10,11,11.33333333,3,3,3,3,3,58,31,2,46,27,39.443718
Rat,LE,75-83days,,R2079,2079,IH-impactor,100kdyn,C5,Unilateral,,,100,101,1027,120,0,,,,1027,,,2,21,47,34,23.33333333,125.816,125.8674,123.934,124.9007,125.2058,112.884,119.5028,91.1734,105.3381,107.8534,1.834,3.59,1.08,2.335,2.168,145.41,145.132,130,137.566,140.1806667,150.248,198.79,126.434,162.612,158.4906667,0.594,1.084,0.026,0.555,0.568,144.434,138.84,129.08,133.96,137.4513333,230.64,255.3,192.146,223.723,226.0286667,2.68,1.91,2.68,2.295,2.423333333,139.34,173.1,146,159.55,152.8133333,271.84,361.44,246.28,303.86,293.1866667,0.26,3.25,0.26,1.755,1.256666667,2,3,3,3,2.666666667,99.25,95.38,97.14,96.26,97.25666667,9,9,9,9,9,11,12,12,12,11.66666667,1,1,1,1,1,71,33,0,46,37,22.261906
Rat,LE,75-83days,,R2090,2090,IH-impactor,100kdyn,C5,Unilateral,,,100,106,1234,120,0,,,,1234,,,7,12,18,15,12.33333333,112.8102,107.3166,130.1625,118.73955,116.7631,76.3334,105.49,68.06593,86.777965,83.29644333,4.51,0.3675,0.365,0.36625,1.7475,120.81,103.37,110,106.685,111.3933333,123.8,126.09,99.4375,112.76375,116.4425,3.828,1.3973,1.5975,1.4974,2.274266667,138.4,135.94,126.65,131.295,133.6633333,301.78,157.2,125.4,141.3,194.7933333,1.4,1.76,1.76,1.76,1.64,168.2,152.3,152.3,152.3,157.6,473.73,243.21,243.2,243.205,320.0466667,6.36,3,2.99,2.995,4.116666667,2,3,4,3.5,3,100,100,79.63,89.815,93.21,9,9,9,9,9,9,12,12,12,11,1,3,3,3,2.333333333,80,21,0,30,58,16.785715
Rat,LE,75-83days,,R2091,2091,IH-impactor,100kdyn,C5,Unilateral,,,100,102,1305,122,0,,,,1305,,,1,9,11,10,7,125.14,112.5366,107.17,109.8533,114.9488667,120.186,120.42,97.71994,109.06997,112.7753133,1.958,0.476,2.274,1.375,1.569333333,124.12,110.52,108,109.26,114.2133333,96.54,126.55,116.6692,121.6096,113.2530667,0.3,0.476,0.698,0.587,0.491333333,114.3167,111.23,108.2,109.715,111.2489,274.21,278.74,165.3,222.02,239.4166667,0.18,0,0.88,0.44,0.353333333,132.83,128.6,112,120.3,124.4766667,286.46,228.4,189.97,209.185,234.9433333,1.54,1.43,0.69,1.06,1.22,2,3,4,3.5,3,88.24,65.58,61.76,63.67,71.86,9,9,9,9,9,11,12,12,12,11.66666667,1,3,3,3,2.333333333,69,42,10,54,26,17.361647
Rat,LE,75-83days,,R2092,2092,IH-impactor,100kdyn,C5,Unilateral,,,100,106,1552,124,0,,,,1552,,,2,7,8,7.5,5.666666667,121.58,121.1966,114.3999,117.79825,119.0588333,71.167,105.3229,63.23,84.27645,79.90663333,0.74,0.03,0.293,0.1615,0.354333333,142.5734,110.24,116,113.12,122.9378,126.3517,121.8,90.39,106.095,112.8472333,1.93,2.67,1.0225,1.84625,1.874166667,157.2,125.6,115.22,120.41,132.6733333,159.49,237.9,111.32,174.61,169.57,0.12,2.92,1.03,1.975,1.356666667,161.3667,126.3,121.92,124.11,136.5289,259.91,233.9,172.11,203.005,221.9733333,2.02,0.22,2.08,1.15,1.44,2,3,4,3.5,3,92.13,92.86,88.61,90.735,91.2,9,9,9,9,9,10,11,12,11.5,11,3,3,3,3,3,84,44,19,57,39,13.643791
Rat,LE,75-83days,,R2093,2093,IH-impactor,100kdyn,C5,Unilateral,,,100,104,1058,120,0,,,,1058,,,-8,-3,1,-1,-3.333333333,153.3534,135.3,132.2673,133.78365,140.3069,82.606,149.05,59.5,104.275,97.052,1.16,0.486,0.82,0.653,0.822,127.6134,126.354,130,128.177,127.9891333,132.91,118.1,81.57,99.835,110.86,0.572,1.512,0.232,0.872,0.772,145.53,124.5,133.33,128.915,134.4533333,190.65,228.5,119.69,174.095,179.6133333,2.92,2.31,0.36,1.335,1.863333333,160.7,140.8,134.05,137.425,145.1833333,233.33,258.07,172.11,215.09,221.17,3.51,2.07,0.23,1.15,1.936666667,2,3,3,3,2.666666667,97.26,72.97,76.62,74.795,82.28333333,9,9,11,10,9.666666667,11,12,13,12.5,12,1,3,3,3,2.333333333,92,33,0,48,58,11.821706
Rat,LE,75-83days,,R2094,2094,IH-impactor,100kdyn,C5,Unilateral,,,100,103,952,127,0,,,,952,,,-10,-2,6,2,-2,110.43,122.91,130.0668,126.4884,121.1356,75.84,110.194,57.97,84.082,81.33466667,2.446,1.836,1.51,1.673,1.930666667,129.04,121.938,127,124.469,125.9926667,147.63,126.786,85.65667,106.221335,120.0242233,1.672,0.078,0.478,0.278,0.742666667,171.06,117.4,129.69,123.545,139.3833333,219.1133,274.9,122.1,198.5,205.3711,2.35,0.08,1.56,0.82,1.33,146.46,139.8,131.93,135.865,139.3966667,236.79,273.41,156.64,215.025,222.28,1.59,0.01,0.63,0.32,0.743333333,2,3,3,3,2.666666667,88.37,69.77,63.27,66.52,73.80333333,9,9,11,10,9.666666667,11,13,12,12.5,12,3,3,3,3,3,93,54,10,73,38,10.416667
Rat,LE,75-83days,,R2095,2095,IH-impactor,100kdyn,C5,Unilateral,,,100,100,1075,120,0,,,,1075,,,-4,2,3,2.5,0.333333333,98.154,106.654,102.25,104.452,102.3526667,73.2166,128.0466,48.32666,88.18663,83.19662,5.132,2.052,0.044,1.048,2.409333333,115.48,110.243,102,106.1215,109.241,123.01,106.444,73.95054,90.19727,101.1348467,3.64,1.134,1.098,1.116,1.957333333,154.9,108.68,114.09,111.385,125.89,286.96,346.59,143.22,244.905,258.9233333,1.37,0.99,0.58,0.785,0.98,146.46,112.5,116.47,114.485,125.1433333,236.79,319.25,123.467,221.3585,226.5023333,2.63,0.08,0.58,0.33,1.096666667,2,3,3,3,2.666666667,97.1,86.52,89.77,88.145,91.13,9,9,9,9,9,10,12,11,11.5,11,3,3,3,3,3,104,42,7,63,60,5.208334
Rat,LE,75-83days,,R2096,2096,IH-impactor,100kdyn,C5,Unilateral,,,100,102,776,120,0,,,,776,,,-22,-10,5,-2.5,-9,130.01,115.84,125.1868,120.5134,123.6789333,57.34,109.21,63.2834,86.2467,76.61113333,3.66,1.254,2.022,1.638,2.312,133.8,129.61,130,129.805,131.1366667,110.4,131.9174,92.23334,112.07537,111.5169133,1.446,0.146,1.428,0.787,1.006666667,166.467,123.15,124.023,123.5865,137.88,242.65,227.1,145.22,186.16,204.99,0.4,0.15,0.64,0.395,0.396666667,162.88,130.97,116.47,123.72,136.7733333,337.5,304.7,123.467,214.0835,255.2223333,5,1.91,0,0.955,2.303333333,2,3,4,3.5,3,94.2,67.33,35,51.165,65.51,9,11,9,10,9.666666667,12,13,12,12.5,12.33333333,3,3,3,3,3,71,33,0,48,37,10.683761
Rat,LE,75-83days,,R2097,2097,IH-impactor,100kdyn,C5,Unilateral,,,100,100,811,122,0,,,,811,,,-17,-18,5,-6.5,-10,101.0323,104.4,104.4,104.4,103.2774333,93.18334,127.636,127.636,127.636,116.15178,2.428,2.056,3.58,2.818,2.688,97.776,109.24,109,109.12,105.3386667,104.6374,137.3934,137.3934,137.3934,126.4747333,1.722,1.912,1.742,1.827,1.792,95.16,272.06,106.07,189.065,157.7633333,196.87,292.67,186.24,239.455,225.26,3.33,2.93,1.2,2.065,2.486666667,110.1,277.8,105.5867,191.69335,164.4955667,247.06,295.44,201.17,248.305,247.89,2.63,1.098,1.2,1.149,1.642666667,2,3,3,3,2.666666667,100,81.08,81.82,81.45,87.63333333,9,11,10,10.5,10,10,12,12,12,11.33333333,3,3,3,3,3,91,46,2,70,44,14.153116
Rat,LE,75-83days,,R2098,2098,IH-impactor,100kdyn,C5,Unilateral,,,100,101,1027,120,0,,,,1027,,,-6,-3,11,4,0.666666667,127.6666,113.0333,117.2501,115.1417,119.3166667,84.473,117.846,148.36,133.103,116.893,1.38,0.486,0.456,0.471,0.774,138.85,113.4833,109,111.24165,120.4444333,120.5,149.69,165.125,157.4075,145.105,1.286,1.6,0.972,1.286,1.286,122.48,120.54,119.43,119.985,120.8166667,221.6,251.92,380.97,316.445,284.83,3.55,1.33,1.88,1.605,2.253333333,170.3667,129.5,141.98,135.74,147.2822333,324.25,346.83,451.62,399.225,374.2333333,3.53,2.45,2.4,2.425,2.793333333,3,4,4,4,3.666666667,93.75,100,72.73,86.365,88.82666667,9,10,10,10,9.666666667,11,13,12,12.5,12,3,3,3,3,3,76,33,2,49,42,2.020985
Rat,LE,75-83days,,R2099,2099,IH-impactor,100kdyn,C5,Unilateral,,,100,106,1111,127,0,,,,1111,,,-10,4,23,13.5,5.666666667,148.5066,109.75,98.0668,103.9084,118.7744667,115.0667,84.68,160.1834,122.4317,119.9767,0.356,0.344,0.42,0.382,0.373333333,124.5499,118.75,121,119.875,121.4333,127.75,180.6266,155.8832,168.2549,154.7532667,1.362,2.874,0.83,1.852,1.688666667,141.53,181.36,118.8667,150.11335,147.2522333,257.22,255.03,240.68,247.855,250.9766667,1.27,0.76,1.01,0.885,1.013333333,123.7,111.17,128.2,119.685,121.0233333,187.6,215.62,313.72,264.67,238.98,0.26,0.22,1.42,0.82,0.633333333,3,4,4,4,3.666666667,72.22,38.1,45.05,41.575,51.79,9,11,12,11.5,10.66666667,12,13,13,13,12.66666667,3,3,3,3,3,76,33,9,44,43,7.660061
Rat,LE,75-83days,,R2100,2100,IH-impactor,100kdyn,C5,Unilateral,,,100,105,,124,0,,,,0,,,-7,0,11,5.5,1.333333333,132.266,100.19,100.8666,100.5283,111.1075333,92.7934,109.2667,139.68,124.47335,113.9133667,1.5125,0.69,0.1673,0.42865,0.789933333,146.5667,98.80334,101,99.90167,115.45668,110.8166,126.2167,135.4,130.80835,124.1444333,1.75,0.69,0.485,0.5875,0.975,144.96,97.86,103.153,100.5065,115.3243333,159.58,277.18,382.79,329.985,273.1833333,0.13,1.27,0.39,0.83,0.596666667,138.32,112.76,115.43,114.095,122.17,178.8,306.1,342.37,324.235,275.7566667,0.04,1.27,0.63,0.95,0.646666667,4,4,5,4.5,4.333333333,74.32,41.84,43.64,42.74,53.26666667,12,12,12,12,12,12,13,13,13,12.66666667,3,3,3,3,3,88,42,0,63,44,10.11125
Rat,LE,75-83days,,R2101,2101,IH-impactor,100kdyn,C5,Unilateral,,,100,101,723,120,0,,,,723,,,-10,-3,7,2,-2,154.65,130.85,126.24,128.545,137.2466667,132.26,81.28667,113.7867,97.536685,109.1111233,1.318,0.772,0.28,0.526,0.79,127.3167,132.3299,127,129.66495,128.8822,115.0833,104.667,127.18,115.9235,115.6434333,0.266,1.27,0.788,1.029,0.774666667,142.28,141.33,127.3,134.315,136.97,184.9,161.54,201.78,181.66,182.74,0.79,0.49,0.22,0.355,0.5,138.6,131.37,126.7,129.035,132.2233333,194.99,181.86,248.48,215.17,208.4433333,0.79,0.81,0.29,0.55,0.63,2,3,5,4,3.333333333,90.16,44.27,37.85,41.06,57.42666667,9,12,12,12,11,12,13,13,13,12.66666667,2,3,3,3,2.666666667,81,43,18,54,37,18.929045
Rat,LE,75-83days,,R2102,2102,IH-impactor,100kdyn,C5,Unilateral,,,100,100,811,122,0,,,,811,,,-2,3,18,10.5,6.333333333,126.25,129.31,124.2467,126.77835,126.6022333,104.36,112.0033,139.3833,125.6933,118.5822,1.5075,0.198,0.79,0.494,0.831833333,127.26,128.9766,124,126.4883,126.7455333,104.7,97.65326,123.5634,110.60833,108.6388867,1.0327,0.238,1.814,1.026,1.028233333,125.56,126.3,122.62,124.46,124.8266667,198.53,161.3,260.32,210.81,206.7166667,1.44,0.67,0.79,0.73,0.966666667,126.29,128.5,123.2,125.85,125.9966667,192.19,156.8,231.8,194.3,193.5966667,2.54,0.24,0.64,0.44,1.14,3,4,5,4.5,4,100,77.27,47.37,62.32,74.88,10,11,12,11.5,11,12,13,13,13,12.66666667,3,3,3,3,3,69,46,1,63,22,20.247873
Rat,LE,75-83days,,R2103,2103,IH-impactor,100kdyn,C5,Unilateral,,,100,101,917,117,0,,,,917,,,-10,-8,8,0,-3.333333333,103.54,114.7734,141.9326,128.353,120.082,106.002,104.6599,93.42,99.03995,101.3606333,0.294,1.394,1.276,1.335,0.988,103.39,115.72,128,121.86,115.7033333,110.6433,115.6133,109.92,112.76665,112.0588667,0.294,0.284,1.864,1.074,0.814,115.49,116.62,140,128.31,124.0366667,260.48,194.13,180.2,187.165,211.6033333,0.37,0.28,0.35,0.315,0.333333333,104.3,114.3,166.56,140.43,128.3866667,250.21,192.9,222.78,207.84,221.9633333,0.96,1.96,1.53,1.745,1.483333333,3,4,5,4.5,4,74.6,65.48,57.38,61.43,65.82,9,10,12,11,10.33333333,12,12,13,12.5,12.33333333,3,3,3,3,3,72,49,4,72,22,21.817364
Rat,LE,75-83days,,R2104,2104,IH-impactor,100kdyn,C5,Unilateral,,,100,105,811,122,0,,,,811,,,-13,-6,11,2.5,-2.666666667,129.91,103.6,117.98,110.79,117.1633333,88.56,104.18,107.67,105.925,100.1366667,0.956,1.37,0.358,0.864,0.894666667,128.21,105.2,123,114.1,118.8033333,91.27,131.2349,98.14,114.68745,106.8816333,1.72,1.768,0.07,0.919,1.186,135.05,114.42,119.9,117.16,123.1233333,166.36,261.4,244.3,252.85,224.02,1.53,0.46,0.84,0.65,0.943333333,142.13,109.36,136.42,122.89,129.3033333,180.52,266.43,319.74,293.085,255.5633333,0.88,0.6,0.41,0.505,0.63,3,3,5,4,3.666666667,90.48,86.21,71.43,78.82,82.70666667,9,10,9,9.5,9.333333333,12,12,12,12,12,3,3,3,3,3,,,,,,
Rat,LE,75-83days,,R2105,2105,IH-impactor,100kdyn,C5,Unilateral,,,100,102,795,122,0,,,,795,,,-9,0,10,5,0.333333333,110.7,122.9333,112.1875,117.5604,115.2736,102.16,105.6657,125.7667,115.7162,111.1974667,0.31,0.286,0.24,0.263,0.278666667,115.58,125.7533,118,121.87665,119.7777667,91.58,116.17,136.5375,126.35375,114.7625,0.598,1.12,0.235,0.6775,0.651,128.18,121.61,112.125,116.8675,120.6383333,184.93,238.27,270.067,254.1685,231.089,1.51,2.18,1.55,1.865,1.746666667,109.8,122.78,89.25,106.015,107.2766667,167.8,267.98,278.28,273.13,238.02,1.22,0.78,0.23,0.505,0.743333333,3,4,5,4.5,4,95.24,60.27,17.81,39.04,57.77333333,9,10,10,10,9.666666667,12,13,12,12.5,12.33333333,3,3,3,3,3,,,,,,
Rat,LE,75-83days,,R2106,2106,Num11Scapel,Hemisection,C5,Unilateral,,,,,,,,,,,,,,7,11,27,19,15,96.3,115.71,121.84,118.775,111.2833333,82.5,78.3,131.31,104.805,97.37,3.232,0.988,1.5,1.244,1.906666667,112.53,121.35,115,118.175,116.2933333,153.15,120.01,157.56,138.785,143.5733333,3.42,0.06,2.7,1.38,2.06,109.58,121.46,126.93,124.195,119.3233333,212.2,152.58,292.22,222.4,219,1.12,0.07,0.59,0.33,0.593333333,110.32,125.4,118.56,121.98,118.0933333,160.5,164.8,221.22,193.01,182.1733333,1.3,0.86,0.59,0.725,0.916666667,3,4,4,4,3.666666667,46.03,64.94,42.97,53.955,51.31333333,9,9,9,9,9,10,11,11,11,10.66666667,3,3,3,3,3,64,36,42,34,27,74.564575
Rat,LE,75-83days,,R2107,2107,Num11Scapel,Hemisection,C5,Unilateral,,,,,,,,,,,,,,3,-3,14,5.5,4.666666667,122.81,132.77,110.5,121.635,122.0266667,81.7,86.57,140.55,113.56,102.94,2.104,0.752,1.6,1.176,1.485333333,120,126.66,112,119.33,119.5533333,109.55,109.09,182.81,145.95,133.8166667,0.01,0.69,0.4,0.545,0.366666667,125.94,119.46,119.93,119.695,121.7766667,162.83,124.53,295.99,210.26,194.45,3.22,0.69,0.4,0.545,1.436666667,137.4,134.96,119.39,127.175,130.5833333,122.29,139.85,227.69,183.77,163.2766667,2.57,0.42,2.41,1.415,1.8,4,4,4,4,4,79.35,38.92,42.03,40.475,53.43333333,9,9,10,9.5,9.333333333,11,12,13,12.5,12,3,3,3,3,3,54,8,8,9,44,75.77631
Rat,LE,75-83days,,R2108,2108,SHAM,Sham,C5,Unilateral,,,0,0,0,0,0,,,,0,,,-9,8,27,17.5,8.666666667,123.2,113.77,110.4,112.085,115.79,118.1,93.1,109,101.05,106.7333333,1.47,0.89,1.11,1,1.156666667,119.27,130.25,110,120.125,119.84,93.275,135.7,121.08,128.39,116.685,0.16,0.9,0.28,0.59,0.446666667,126.83,135.43,110.167,122.7985,124.1423333,166.705,141.165,175.21,158.1875,161.0266667,0.15,0.89,1.95,1.42,0.996666667,118.78,109.63,111.04,110.335,113.15,164.38,141.53,265.9,203.715,190.6033333,1.78,0.89,1.46,1.175,1.376666667,5,5,5,5,5,40.58,34.21,29.57,31.89,34.78666667,12,12,12,12,12,13,13,13,13,13,3,3,3,3,3,95,94,94,96,0,101.06508
Rat,LE,75-83days,,R2109,2109,SHAM,Sham,C5,Unilateral,,,0,0,0,0,0,,,,0,,,-1,11,32,21.5,14,119.1,119.2,115.7,117.45,118,116.11,104.2,128.6,116.4,116.3033333,0.418,1.5,0.22,0.86,0.712666667,122.59,123.35,117,120.175,120.98,111.29,107.39,109.53,108.46,109.4033333,0.54,2.17,1.63,1.9,1.446666667,121.32,116.04,116.34,116.19,117.9,134.5,129.28,222.98,176.13,162.2533333,1.32,0.28,0.38,0.33,0.66,122.54,121.76,125.37,123.565,123.2233333,217.6,148.76,238.59,193.675,201.65,0.77,1.5,2.65,2.075,1.64,5,5,5,5,5,22.77,36.91,32.05,34.48,30.57666667,12,12,12,12,12,13,13,13,13,13,3,3,3,3,3,99,98,106,97,0,95.88551
Rat,LE,75-83days,,R2110,2110,SHAM,Sham,C5,Unilateral,,,0,0,0,0,0,,,,0,,,2,23,18,20.5,14.33333333,135.8,140.7,132.33,136.515,136.2766667,88.5,79.2,78.5,78.85,82.06666667,0.74,1.34,0.29,0.815,0.79,138.05,139.4,132,135.7,136.4833333,129,94.69,74.29,84.49,99.32666667,1.9,1.2,1.42,1.31,1.506666667,135.24,140.8,132.13,136.465,136.0566667,151.32,114.45,143.82,129.135,136.53,0.81,1.2,3.59,2.395,1.866666667,135.26,135.44,133.8,134.62,134.8333333,136.87,111.76,159.88,135.82,136.17,0.74,1.97,1.19,1.58,1.3,5,5,5,5,5,17.78,15.28,16.98,16.13,16.68,12,12,12,12,12,13,13,13,13,13,3,3,3,3,3,101,100,106,99,0,99.90384
Rat,LE,75-83days,,R2112,2112,Num11Scapel,Hemisection,C5,Unilateral,,,,,,,,,,,,,,-8,4,10,7,2,123.4,108.8,153.8,131.3,128.6666667,133.18,116.5,161.867,139.1835,137.1823333,3.65,0.86,3.14,2,2.55,124.63,107.82,109,108.41,113.8166667,123.04,123.447,123.86,123.6535,123.449,0.268,1.43,3.448,2.439,1.715333333,132.42,112.03,130.09,121.06,124.8466667,204.31,222.07,246.35,234.21,224.2433333,0.26,1.26,0.16,0.71,0.56,136.82,116.63,133.08,124.855,128.8433333,118.96,193.126,271.37,232.248,194.4853333,2.02,1.76,0.16,0.96,1.313333333,4,4,4,4,4,58.57,65.68,52.8,59.24,59.01666667,9,9,9,9,9,8,7,9,8,8,3,3,3,3,3,30,24,23,25,5,68.05475
Rat,LE,75-83days,,R2113,2113,Num11Scapel,Hemisection,C5,Unilateral,,,,,,,,,,,,,,-16,-6,8,1,-4.666666667,90.57,92.01,105.33,98.67,95.97,81.03,120.08,77.28,98.68,92.79666667,6.16,6.79,1.88,4.335,4.943333333,124.466,87.6,130,108.8,114.022,136.69,141.833,183.88,162.8565,154.1343333,1.67,8.43,4.322,6.376,4.807333333,161.96,104.75,112.98,108.865,126.5633333,385.24,239,203.72,221.36,275.9866667,1.63,0.74,2.45,1.595,1.606666667,143.28,135.87,116.55,126.21,131.9,300.82,279.37,238.4,258.885,272.8633333,1.28,2.38,0.03,1.205,1.23,2,2,2,2,2,98.55,77.89,63.69,70.79,80.04333333,9,9,9,9,9,7,8,8,8,7.666666667,1,2,3,2.5,2,110,10,4,14,98,53.68073
Rat,LE,75-83days,,R2115,2115,IH-impactor,75kdyn,C5,Unilateral,,,75,78,687,120,0,,,,687,,,9,13,19,16,13.66666667,92.258,144.7467,104.5208,124.63375,113.8418333,102.1708,212.8099,121.025,166.91745,145.3352333,1.465,3,0.2475,1.62375,1.570833333,94.292,116.76,104,110.38,105.0173333,114.7238,159.1505,108.1417,133.6461,127.3386667,1.622087,4.244,0.912,2.578,2.259362333,75.71,161.99,94.26,128.125,110.6533333,199.939,424.6,223.34,323.97,282.6263333,0.47,0.61,2.05,1.33,1.043333333,86.79,139.46,102.45,120.955,109.5666667,229.1167,425.57,215.94,320.755,290.2089,1.62,1.13,1.41,1.27,1.386666667,3,3,5,4,3.666666667,89.17,85.71,71.43,78.57,82.10333333,9,10,9,9.5,9.333333333,12,13,12,12.5,12.33333333,3,3,3,3,3,61,40,7,57,21,24.910194
Rat,LE,75-83days,,R2116,2116,IH-impactor,75kdyn,C5,Unilateral,,,75,78,599,122,0,,,,599,,,13,27,38,32.5,26,109.1,129.5393,116.4833,123.0113,118.3742,85.6667,137.8567,92.98,115.41835,105.5011333,0.465,1.408,1.736,1.572,1.203,111.217,128.3,118,123.15,119.1723333,102.14,181.25,97.96,139.605,127.1166667,1.62875,1.27,1.6,1.435,1.499583333,110.56,143.22,119.87,131.545,124.55,229.517,343.61,161.64,252.625,244.9223333,0.3,0.02,0.29,0.155,0.203333333,111.23,153.08,113.88,133.48,126.0633333,213.583,333.42,155.78,244.6,234.261,1.63,1.16,0.42,0.79,1.07,4,5,5,5,4.666666667,74.42,34.21,31.36,32.785,46.66333333,10,12,12,12,11.33333333,13,13,13,13,13,3,3,3,3,3,60,36,0,56,23,35.432842
Rat,LE,75-83days,,R2117,2117,IH-impactor,75kdyn,C5,Unilateral,,,75,77,599,117,0,,,,599,,,11,20,29,24.5,20,111.3167,133.2667,130.2,131.73335,124.9278,97.23,129.14,95.57,112.355,107.3133333,0.3338,2.402,1.676,2.039,1.4706,113.3767,137.035,131,134.0175,127.1372333,97.11334,130.44,89.81,110.125,105.78778,0.772,1.012,1.58,1.296,1.121333333,110.75,122.8,133.59,128.195,122.38,219.8,272.6,195.94,234.27,229.4466667,0.77,0.09,2.74,1.415,1.2,116.98,158.02,131.2,144.61,135.4,223.99,276.35,168.36,222.355,222.9,0.77,1.29,0.65,0.97,0.903333333,5,5,5,5,5,39.29,64.44,59.26,61.85,54.33,12,12,10,11,11.33333333,13,12,11,11.5,12,3,3,3,3,3,82,65,0,91,17,32.904095
Rat,LE,75-83days,,R2118,2118,IH-impactor,75kdyn,C5,Unilateral,,,75,75,617,122,0,,,,617,,,5,11,21,16,12.33333333,107.3766,129.3366,115.919,122.6278,117.5440667,75.50334,135.6134,98.866,117.2397,103.32758,0.222,0.324,0.802,0.563,0.449333333,109.633,129.7733,114,121.88665,117.8021,104.6134,133.786,110.94,122.363,116.4464667,1.398,1.908,1.58,1.744,1.628666667,121.183,108.34,110.82,109.58,113.4476667,211.56,272.18,162.71,217.445,215.4833333,0.73,1.77,1.08,1.425,1.193333333,127.73,155.8,111.02,133.41,131.5166667,220.06,324.36,175.016,249.688,239.812,1.4,3.78,1.27,2.525,2.15,4,5,5,5,4.666666667,72.92,82.46,78.65,80.555,78.01,9,9,9,9,9,13,13,13,13,13,2,3,3,3,2.666666667,73,47,3,68,26,15.649963
Rat,LE,75-83days,,R2119,2119,IH-impactor,75kdyn,C5,Unilateral,,,75,81,546,120,0,,,,546,,,-19,-11,7,-2,-7.666666667,101.3766,115.827,123.446,119.6365,113.5498667,60.53,105.937,78.8167,92.37685,81.76123333,0.378,0.236,0.5706,0.4033,0.394866667,111.2433,114.517,118,116.2585,114.5867667,105.3386,113.23,90.2208,101.7254,102.9298,0.688,1.334,1.6246,1.4793,1.215533333,111.5167,126.73,126.39,126.56,121.5455667,172.95,239.667,176.99,208.3285,196.5356667,0.42,2.62,0.2,1.41,1.08,112.9,160.113,119.44,139.7765,130.8176667,185.69,291.78,146.27,219.025,207.9133333,0.69,3.73,2.4,3.065,2.273333333,3,5,5,5,4.333333333,77.27,48.48,33.57,41.025,53.10666667,10,9,11,10,10,13,12,13,12.5,12.66666667,3,3,3,3,3,78,38,0,55,41,21.502525
Rat,LE,75-83days,,R2128,2128,Num11Scapel,Hemisection,C5,Unilateral,,,,,,,,,,,,,,0,-6,-1,-3.5,-2.333333333,88.7,110.2,102.8,106.5,100.5666667,86.85,114.25,88,101.125,96.36666667,4.68,0.73,1.05,0.89,2.153333333,144.08,141.25,104,122.625,129.7766667,169.93,165.6,117.1,141.35,150.8766667,0.47,1.07,2.47,1.77,1.336666667,129.35,110.667,130.77,120.7185,123.5956667,267.15,135.53,155.95,145.74,186.21,3.96,1.45,1.52,1.485,2.31,122.5,190.12,152.15,171.135,154.9233333,225.15,121.98,256.55,189.265,201.2266667,0.28,1.08,4.05,2.565,1.803333333,1,4,3,3.5,2.666666667,66.92,63.64,64.29,63.965,64.95,9,9,9,9,9,8,9,8,8.5,8.333333333,2,3,3,3,2.666666667,79,42,18,53,36,41.261578
Rat,LE,75-83days,,R2135,2135,IH-impactor,75kdyn,C5,Unilateral,,,75,77,687,122,0,,,,687,,,3.5,6,25,15.5,11.5,116.55,109.83,128.896,119.363,118.4253333,58.74,116.76,73.12,94.94,82.87333333,0.98,1.64,0.778,1.209,1.132666667,117.03,115.134,130,122.567,120.7213333,89.38,128.11,98.93,113.52,105.4733333,1.186,0.528,0.576,0.552,0.763333333,113.21,120.25,132.603,126.4265,122.021,152.95,242.57,130.6133,186.59165,175.3777667,2.15,0.59,1.69,1.14,1.476666667,116.68,114.417,130.33,122.3735,120.4756667,167.56,244.05,140.133,192.0915,183.9143333,1.95,1.58,1.49,1.535,1.673333333,2,3,4,3.5,3,64.71,44.64,56.96,50.8,55.43666667,9,10,12,11,10.33333333,13,12,13,12.5,12.66666667,3,3,3,3,3,89,63,15,86,26,36.525024
Rat,LE,75-83days,,R2136,2136,IH-impactor,75kdyn,C5,Unilateral,,,75,78,899,124,0,,,,899,,,-4,1,13,7,3.333333333,97.78,123.584,147.43,135.507,122.9313333,65.02,70.5766,46.96,58.7683,60.8522,3.093,0.48,1.83,1.155,1.801,101.93,124.4167,137,130.70835,121.1155667,132.89,98.226,70.683,84.4545,100.5996667,2.975,0.48,1.23,0.855,1.561666667,108.267,126.5667,130.8167,128.6917,121.8834667,152.83,125.97,90.18,108.075,122.9933333,1.29,0.12,0.98,0.55,0.796666667,120.83,127.7,137.65,132.675,128.7266667,181.67,138.42,129.88,134.15,149.99,0.71,2.4,1.3,1.85,1.47,4,3,4,3.5,3.666666667,89.41,82.72,90.43,86.575,87.52,10,10,9,9.5,9.666666667,11,12,13,12.5,12,3,3,3,3,3,60,34,18,41,26,26.964518
Rat,LE,75-83days,,R2137,2137,IH-impactor,75kdyn,C5,Unilateral,,,75,75,846,122,0,,,,846,,,-2,8,36,22,14,119.47,123.32,136.3668,129.8434,126.3856,59.6,100.49,40.65,70.57,66.91333333,0.886,1.6,1.3,1.45,1.262,144.37,122.0834,127,124.5417,131.1511333,119.6,134.717,72.44,103.5785,108.919,3.08,1.38,1.27,1.325,1.91,120.4,122.01,136.3668,129.1884,126.2589333,93.48,269.1533,40.65,154.90165,134.4277667,2.98,0.62,1.27,0.945,1.623333333,125.167,115.2,126.5,120.85,122.289,142.42,212.2,72.44,142.32,142.3533333,0.78,1.42,0.5,0.96,0.9,2,3,4,3.5,3,76.65,80.29,65.98,73.135,74.30666667,9,9,10,9.5,9.333333333,13,12,12,12,12.33333333,3,3,3,3,3,68,36,0,50,31,23.076923
Rat,LE,75-83days,,R2138,2138,IH-impactor,75kdyn,C5,Unilateral,,,75,81,811,120,0,,,,811,,,-7,2,6,4,0.333333333,117.75,136.38,110.08,123.23,121.4033333,70.449,111.88,85.13,98.505,89.153,2,0.872,1.032,0.952,1.301333333,108.27,147.58,113,130.29,122.95,82.25,120.1834,79.764,99.9737,94.0658,0.67,0.06,1.92,0.99,0.883333333,122.05,132.93,116.883,124.9065,123.9543333,131.78,207.76,136.32,172.04,158.62,0.38,0.87,0.08,0.475,0.443333333,128.88,131.1,113.043,122.0715,124.341,254.166,185.597,131.79,158.6935,190.5176667,1.04,0.56,0.87,0.715,0.823333333,5,5,5,5,5,61.49,42.6,43.41,43.005,49.16666667,12,9,12,10.5,11,13,13,13,13,13,3,3,3,3,3,87,61,4,86,25,32.875
Rat,LE,75-83days,,R2139,2139,IH-impactor,75kdyn,C5,Unilateral,,,75,78,599,120,0,,,,599,,,2,-1,3,1,1.333333333,133.83,60.5,110.48,85.49,101.6033333,91.58,119,93.43,106.215,101.3366667,2.94,0.18,0.674,0.427,1.264666667,132.92,82.647,112,97.3235,109.189,94.5,92.28,90.41,91.345,92.39666667,1.406,0.041,0.402,0.2215,0.616333333,123.5,124.68,110.8,117.74,119.66,167.18,79.41,151.48,115.445,132.69,0.59,0.04,1.51,0.775,0.713333333,122.81,123.3,110.2167,116.75835,118.7755667,152.95,88.9,141.87,115.385,127.9066667,1.37,0.01,0.6,0.305,0.66,5,5,5,5,5,68.87,64.91,63.57,64.24,65.78333333,9,10,10,10,9.666666667,13,12,12,12,12.33333333,3,3,3,3,3,71,47,10,62,24,32.708958
Rat,LE,75-83days,,R2140,2140,IH-impactor,75kdyn,C5,Unilateral,,,75,75,705,120,0,,,,705,,,4,7,17,12,9.333333333,137.67,137.667,141.267,139.467,138.868,74.95,74.65,70.7,72.675,73.43333333,0.134,1.156,0.126,0.641,0.472,139.2,139.2,144,141.6,140.8,81.2,81.2,87.25,84.225,83.21666667,1.044,1.01,0.118,0.564,0.724,132.67,114.15,141.483,127.8165,129.4343333,214.91,110.073,125.81,117.9415,150.2643333,1.04,1.29,1.29,1.29,1.206666667,131.84,116.25,128.1,122.175,125.3966667,179.987,93,116.27,104.635,129.7523333,2.22,1.03,1.3,1.165,1.516666667,4,4,5,4.5,4.333333333,62.75,62.5,43.53,53.015,56.26,9,9,10,9.5,9.333333333,12,13,13,13,12.66666667,3,3,3,3,3,89,61,0,88,28,28.121693
Rat,LE,75-83days,,R2141,2141,IH-impactor,75kdyn,C5,Unilateral,,,75,76,705,127,0,,,,705,,,-4,-2,11,4.5,1.666666667,128.2,128.8,118.7,123.75,125.2333333,98.613,98.613,100.86,99.7365,99.362,0.86,0.57,0.336,0.453,0.588666667,131.63,131.63,117,124.315,126.7533333,100,100,103.71,101.855,101.2366667,0.3,1.59,0.336,0.963,0.742,103.1,127.18,114.5167,120.84835,114.9322333,176.56,116.7,130.73,123.715,141.33,0.33,0.53,0.34,0.435,0.4,103.98,128.72,115.433,122.0765,116.0443333,154.63,129.69,139.94,134.815,141.42,0.39,0.53,1,0.765,0.64,5,5,5,5,5,84.42,60.38,79.31,69.845,74.70333333,9,9,10,9.5,9.333333333,11,12,13,12.5,12,3,3,3,3,3,83,59,0,83,24,45.63411
Rat,LE,75-83days,,R2142,2142,IH-impactor,75kdyn,C5,Unilateral,,,75,75,599,120,0,,,,599,,,2,5,17,11,8,120.45,120.45,119.02,119.735,119.9733333,84.104,84.1,105.257,94.6785,91.15366667,0.22,0.03,0.848,0.439,0.366,127.78,127.78,122,124.89,125.8533333,98.21,98.21,132.72,115.465,109.7133333,0.57,1.14,0.32,0.73,0.676666667,102.83,106.5,118.48,112.49,109.27,209.95,157.7,155.85,156.775,174.5,1.59,1.21,1.38,1.295,1.393333333,100.05,144.23,122.33,133.28,122.2033333,157.17,151.59,150.1,150.845,152.9533333,1.37,0.62,0.848,0.734,0.946,5,5,5,5,5,37.65,59.17,48.68,53.925,48.5,10,10,10,10,10,12,12,12,12,12,3,3,3,3,3,92,55,0,75,38,30.685558
Rat,LE,75-83days,,R2143,2143,IH-impactor,75kdyn,C5,Unilateral,,,75,80,,,0,,,,0,,,-5,-3,7,2,-0.333333333,121.56,137,123.67,130.335,127.41,115.163,61.89,89.825,75.8575,88.95933333,1.59,0.984,0.73,0.857,1.101333333,124.19,138.033,122,130.0165,128.0743333,159.666,63.75,82.7,73.225,102.0386667,1.59,2.43,2.05,2.24,2.023333333,98.48,135.01,117.58,126.295,117.0233333,193.95,108.85,179.425,144.1375,160.7416667,0.58,3.27,2.05,2.66,1.966666667,96.43,134.55,140.3,137.425,123.76,193.95,103.53,183.63,143.58,160.37,1.59,1.32,0.73,1.025,1.213333333,5,4,4,4,4.333333333,31.01,30.77,49,39.885,36.92666667,10,12,12,12,11.33333333,13,13,13,13,13,3,3,3,3,3,92,53,0,76,38,33.981426
Rat,LE,75-83days,,R2144,2144,IH-impactor,75kdyn,C5,Unilateral,,,75,77,546,120,0,,,,546,,,5,9.5,21,15.25,11.83333333,101.83,101.83,132.117,116.9735,111.9256667,88.95,88.95,69.28,79.115,82.39333333,1.332,0.1,1.218,0.659,0.883333333,100.8,100.8,135,117.9,112.2,116.813,116.813,80.45,98.6315,104.692,0.678,1.02,0.182,0.601,0.626666667,102.87,120.44,135.4,127.92,119.57,229.453,79.28,121.02,100.15,143.251,1.51,1.21,1.07,1.14,1.263333333,105.07,121.36,143.73,132.545,123.3866667,201.04,83.24,113.7,98.47,132.66,0.86,2.12,1.96,2.04,1.646666667,5,5,5,5,5,34.69,41.18,60,50.59,45.29,10,10,11,10.5,10.33333333,12,13,13,13,12.66666667,3,3,3,3,3,111,76,0,107,35,33.767452
Rat,LE,75-83days,,R2145,2145,IH-impactor,75kdyn,C5,Unilateral,,,75,79,687,124,0,,,,687,,,2,1,9,5,4,117.15,117.15,123.83,120.49,119.3766667,72.49,72.49,78.688,75.589,74.556,1.547,0.695,1.68,1.1875,1.307333333,116.72,116.72,124,120.36,119.1466667,88.06,88.06,79.18,83.62,85.1,0.93,0.695,1.1025,0.89875,0.909166667,123.97,113.08,126.27,119.675,121.1066667,170.25,99.78,135.938,117.859,135.3226667,1.11,0.56,1,0.78,0.89,128.71,112.97,127.6042,120.2871,123.0947333,158.75,84.52,151.5125,118.01625,131.5941667,1.07,0.56,0.29,0.425,0.64,3,3,5,4,3.666666667,89.13,61.14,57.62,59.38,69.29666667,10,12,10,11,10.66666667,13,12,13,12.5,12.66666667,3,3,3,3,3,89,45,0,64,45,17.125584
Rat,LE,75-83days,,R2146,2146,IH-impactor,75kdyn,C5,Unilateral,,,75,81,599,120,0,,,,599,,,-8,-7,4,-1.5,-3.666666667,127.93,121.12,116.467,118.7935,121.839,124.016,65.61,100.3,82.955,96.642,1.588,0.238,0.514,0.376,0.78,134.53,123.05,125,124.025,127.5266667,150.35,76.43,122.36,99.395,116.38,0.2546,1.666,1.994,1.83,1.304866667,129.167,117.34,113.93,115.635,120.1456667,266.62,117.16,180.2,148.68,187.9933333,0.25,1.29,2.94,2.115,1.493333333,125.43,120.13,122.98,121.555,122.8466667,223.26,126.54,201.01,163.775,183.6033333,2.1,2.19,0.14,1.165,1.476666667,5,5,5,5,5,61.73,43.96,55.36,49.66,53.68333333,11,11,12,11.5,11.33333333,12,13,13,13,12.66666667,3,3,3,3,3,84,48,1,70,36,30.806328
Rat,LE,75-83days,,R2158,2158,SHAM,Sham,C5,Unilateral,,,0,0,0,0,0,,,,0,,,-10,7,32,19.5,9.666666667,119.77,114.317,107.73,111.0235,113.939,104.917,159.93,132.45,146.19,132.4323333,1.082,1.644,0.5,1.072,1.075333333,136.93,125.507,108,116.7535,123.479,116.09,130.607,123.993,127.3,123.5633333,2.014,0.362,1.16,0.761,1.178666667,118.81,109.33,102.53,105.93,110.2233333,209.037,316.727,336.73,326.7285,287.498,0.924,0.532,0.94,0.736,0.798666667,120.833,100.79,102.85,101.82,108.1576667,161.986,304.45,268.86,286.655,245.0986667,1.008,1.56,1.6,1.58,1.389333333,5,5,5,5,5,17.83,11.11,15.69,13.4,14.87666667,12,12,12,12,12,13,13,13,13,13,3,3,3,3,3,111,111,112,111,0,106.13913
Rat,LE,75-83days,,R2159,2159,Num11Scapel,Hemisection,C5,Unilateral,,,,,,,,,,,,,,-20,-1,6,2.5,-5,118.08,116.37,93.37,104.87,109.2733333,188.378,149.51,97.37,123.44,145.086,3.333,2.05,2.64,2.345,2.674333333,118.08,117.34,106,111.67,113.8066667,188.38,162.5,116.84,139.67,155.9066667,2.7833,2.32,1.79,2.055,2.297766667,113.96,103.25,96,99.625,104.4033333,175.07,324.78,205.68,265.23,235.1766667,3.75,0.53,0.828,0.679,1.702666667,125.25,106.94,138.53,122.735,123.5733333,263.0167,272.08,421.53,346.805,318.8755667,4.308,0.782,3.61,2.196,2.9,2,2,3,2.5,2.333333333,72.14,65.63,51.92,58.775,63.23,8,9,9,9,8.666666667,7,7,8,7.5,7.333333333,2,3,3,3,2.666666667,55,8,5,9,46,46.474712
Rat,LE,75-83days,,R2160,2160,SHAM,Sham,C5,Unilateral,,,0,0,0,0,0,,,,0,,,-7,-1,16,7.5,2.666666667,126.33,118.18,113.43,115.805,119.3133333,137.8,129.02,105.74,117.38,124.1866667,0.04,1.075,0.525,0.8,0.546666667,119.13,121.7,114,117.85,118.2766667,117.75,135.27,122.02,128.645,125.0133333,0.0375,0.32,2.65,1.485,1.0025,128.57,121.74,117.77,119.755,122.6933333,183.68,264.62,241.9,253.26,230.0666667,2.084,0.25,0.22,0.235,0.851333333,122.03,126.45,112.77,119.61,120.4166667,173.86,280.98,213.35,247.165,222.73,1.146,0.35,2.68,1.515,1.392,5,5,5,5,5,4.76,52.5,26.66,39.58,27.97333333,12,12,12,12,12,13,13,13,13,13,3,3,3,3,3,99,98,100,98,0,108.38603
Rat,LE,75-83days,,R2161,2161,Num11Scapel,Hemisection,C5,Unilateral,,,,,,,,,,,,,,-12,-9,7,-1,-4.666666667,120.35,137.13,100.68,118.905,119.3866667,85.09,121.3,64.28,92.79,90.22333333,0.12,0.492,2.27,1.381,0.960666667,111.25,139.48,103,121.24,117.91,170.87,186.38,89.85,138.115,149.0333333,2.968,0.25,0.48,0.365,1.232666667,128.28,136.75,108.74,122.745,124.59,268.11,289.8,198.69,244.245,252.2,0.12,0.285,0.99,0.6375,0.465,131.7,144.187,108.89,126.5385,128.259,131.68,238.99,169.05,204.02,179.9066667,3.192,1.43,1.66,1.545,2.094,2,4,3,3.5,3,89.6,51.61,79.71,65.66,73.64,8,9,9,9,8.666666667,9,7,10,8.5,8.666666667,2,3,3,3,2.666666667,58,10,3,13,48,83.784195
Rat,LE,75-83days,,R2162,2162,Num11Scapel,Hemisection,C5,Unilateral,,,,,,,,,,,,,,-18,-12,3,-4.5,-9,98.24,106.7,111.03,108.865,105.3233333,111.335,338.4,163.78,251.09,204.505,2.33,1.58,1.38,1.48,1.763333333,113.52,104.39,118,111.195,111.97,146.69,365.34,165.7,265.52,225.91,0.386,0.33,0.46,0.395,0.392,120.21,90.3,114.47,102.385,108.3266667,127.28,471.4,278.88,375.14,292.52,1.56,1.79,0.46,1.125,1.27,115.73,120.98,124.6,122.79,120.4366667,183.61,438.35,268.55,353.45,296.8366667,0.384,3.7,2.302,3.001,2.128666667,2,5,3,4,3.333333333,100,87.65,90.14,88.895,92.59666667,8,9,9,9,8.666666667,7,9,10,9.5,8.666666667,2,3,3,3,2.666666667,80,9,3,11,71,58.126873
Rat,LE,75-83days,,R2163,2163,SHAM,Sham,C5,Unilateral,,,0,0,0,0,0,,,,0,,,7,16,25,20.5,16,112.93,137.15,139.73,138.44,129.9366667,133.77,98.28,64.58,81.43,98.87666667,0.286,0.826,0.77,0.798,0.627333333,111.18,131.2,139,135.1,127.1266667,153.78,123,72.6,97.8,116.46,0.714,0.35,0.66,0.505,0.574666667,202.8,137.017,138.43,137.7235,159.4156667,172.7,227.67,127.18,177.425,175.85,0.714,1.301,0.67,0.9855,0.895,131.7,133.17,137.63,135.4,134.1666667,185.93,194.61,168.85,181.73,183.13,0.71,0.826,0.764,0.795,0.766666667,5,5,5,5,5,25.24,20.9,34.03,27.465,26.72333333,12,12,12,12,12,13,13,13,13,13,3,3,3,3,3,95,95,105,90,0,90.226234
Rat,LE,75-83days,,R2164,2164,Num11Scapel,Hemisection,C5,Unilateral,,,,,,,,,,,,,,-1,14,24,19,12.33333333,119.8,127.33,106.93,117.13,118.02,96.66,146,51.25,98.625,97.97,4.306,3.732,3.636,3.684,3.891333333,140.25,138.5,137,137.75,138.5833333,179.14,28.7,134.33,81.515,114.0566667,3.668,5.096,3.648,4.372,4.137333333,138.3,114.45,134.1,124.275,128.95,228.9,295.34,184.13,239.735,236.1233333,1.754,4.3,1.754,3.027,2.602666667,141.7,136.56,123.607,130.0835,133.9556667,198.9,338.39,200.68,269.535,245.99,1.116,2.938,1.78,2.359,1.944666667,2,4,,4,3,91.38,91.67,,91.67,91.525,9,9,9,9,9,8,8,10,9,8.666666667,2,3,3,3,2.666666667,63,16,11,18,47,57.01856
Rat,LE,75-83days,,R2180,2180,IH-impactor,100kdyn,C5,Unilateral,Jerry,,100,108,1305,120,0,,,,1305,,,-3,11,18,14.5,8.666666667,113.63,123.6,133.3,128.45,123.51,163.23,69.78,40.55,55.165,91.18666667,0.44,0.01,0.22,0.115,0.223333333,141.767,131.63,135,133.315,136.1323333,195.6,84.33,51.08,67.705,110.3366667,0.44,2.22,0.25,1.235,0.97,125.9,151.5,133.3,142.4,136.9,322.5,198.1,110.5,154.3,210.3666667,0.44,3.15,1.33,2.24,1.64,137.27,127.52,137.1,132.31,133.9633333,409.8,168.43,111.98,140.205,230.07,0.438,0.92,0.22,0.57,0.526,2,5,5,5,4,100,95.24,79.71,87.475,91.65,9,9,9,9,9,8,11,10,10.5,9.666666667,2,3,3,3,2.666666667,66,26,5,34,40,8.572813
Rat,LE,75-83days,,R2182,2182,IH-impactor,100kdyn,C5,Unilateral,Tom,,100,103,1023,124,0,,,,1023,,,-4,8,43,25.5,15.66666667,126.117,114.15,132.3,123.225,124.189,135.85,92.69,67.3,79.995,98.61333333,0.99,0.54,1.36,0.95,0.963333333,134.95,115.08,133,124.04,127.6766667,181.02,112.123,82.96,97.5415,125.3676667,0.93,0.53,0.55,0.54,0.67,125.05,112.2,129.2,120.7,122.15,242.18,190.7,99.87,145.285,177.5833333,4.69,0.9,0.46,0.68,2.016666667,174.4,114.57,126.4,120.485,138.4566667,399.33,191.55,118.23,154.89,236.37,6.01,1.99,0.46,1.225,2.82,4,4,5,4.5,4.333333333,94,48,45.05,46.525,62.35,9,10,11,10.5,10,7,6,12,9,8.333333333,2,3,3,3,2.666666667,75,25,0,37,50,9.664083
Rat,LE,75-83days,,R2184,2184,IH-impactor,100kdyn,C5,Unilateral,Tom,,100,101,1023,120,0,,,,1023,,,-6,2.5,23,12.75,6.5,141.9,134.1,137.6,135.85,137.8666667,122.32,77.98,47.67,62.825,82.65666667,1.875,1.16,2.58,1.87,1.871666667,124.57,130.65,137,133.825,130.74,282.22,112.67,63.18,87.925,152.69,2.48,2.12,0.27,1.195,1.623333333,126.2,117.37,136.3,126.835,126.6233333,241.79,123.31,96.86,110.085,153.9866667,1.08,0.98,2.64,1.81,1.566666667,183.8,130.47,146.2,138.335,153.49,352.68,164.05,127.4,145.725,214.71,3.08,2.35,0.64,1.495,2.023333333,3,2,2,2,2.333333333,100,100,98.65,99.325,99.55,9,10,10,10,9.666666667,12,8,12,10,10.66666667,2,3,3,3,2.666666667,66,24,0,35,41,3.311547
Rat,LE,75-83days,,R2185,2185,IH-impactor,100kdyn,C5,Unilateral,Tom,,100,103,1003,120,0,,,,1003,,,2,15,42,28.5,19.66666667,125.8667,139.4,152.2,145.8,139.1555667,146.9,110.17,60.87,85.52,105.98,1.502,0.57,0,0.285,0.690666667,122.433,146.5,,146.5,134.4665,195.9,142.07,65.47,103.77,134.48,1.744,0.19,0,0.095,0.644666667,119.67,145.1,151.2,148.15,138.6566667,244.92,111.4,107.87,109.635,154.73,1.89,1.98,0,0.99,1.29,128.2,143.2,153.2,148.2,141.5333333,336.03,113.48,98.93,106.205,182.8133333,1.658,2.76,0,1.38,1.472666667,5,5,5,5,5,82.61,61.43,62.32,61.875,68.78666667,10,11,11,11,10.66666667,12,11,11,11,11.33333333,3,3,3,3,3,85,35,4,48,49,11.481482
Rat,LE,75-83days,,R2186,2186,IH-impactor,100kdyn,C5,Unilateral,Tom,,100,100,1181,117,0,,,,1181,,,3,7,18,12.5,9.333333333,115.47,131.5,132,131.75,126.3233333,100.6,85.66,69.33,77.495,85.19666667,1.12,0.05,4,2.025,1.723333333,116.79,132.83,131,131.915,126.8733333,106.73,89.7,75.37,82.535,90.6,1.588,1.48,4,2.74,2.356,120,126.9,135.1,131,127.3333333,215.91,102.93,123.87,113.4,147.57,1.59,1.38,4,2.69,2.323333333,119.3,126.5,132.5,129.5,126.1,214.18,95.15,109.13,102.14,139.4866667,2.06,0.05,4,2.025,2.036666667,3,5,5,5,4.333333333,76.92,57.97,58.82,58.395,64.57,9,11,10,10.5,10,11,12,12,12,11.66666667,3,3,3,3,3,71,33,0,47,37,21.230158
Rat,LE,75-83days,,R2187,2187,IH-impactor,100kdyn,C5,Unilateral,Jerry,,100,114,1181,117,0,,,,1181,,,-16,-5,20.5,7.75,-0.166666667,123.28,110.23,112.7,111.465,115.4033333,107.43,75.93,66.86,71.395,83.40666667,0.802,0.68,1.54,1.11,1.007333333,98.68,107.73,108,107.865,104.8033333,114.91,112.18,84.46,98.32,103.85,2.49,0.77,3.078,1.924,2.112666667,118.93,120.97,113.4,117.185,117.7666667,244.097,131.05,205.2,168.125,193.449,0.17,0.76,1.54,1.15,0.823333333,73.45,102.9,109.67,106.285,95.34,402.1,121.8,182.5,152.15,235.4666667,1.52,0.66,0.02,0.34,0.733333333,2,2,2,2,2,100,81.38,73.19,77.285,84.85666667,9,9,9,9,9,12,11,12,11.5,11.66666667,2,3,3,3,2.666666667,85,34,0,47,51,9.199214
Rat,LE,75-83days,,R2188,2188,IH-impactor,100kdyn,C5,Unilateral,Jerry,,100,110,1040,124,0,,,,1040,,,-7.5,2,6,4,0.166666667,146.22,124.1,123.3,123.7,131.2066667,80.93,86.03,49.58,67.805,72.18,0.92,1,0.392,0.696,0.770666667,148.4,121.1,122,121.55,130.5,94.98,109.75,57.18,83.465,87.30333333,0.39,1,1.154,1.077,0.848,156.25,110.75,121.6,116.175,129.5333333,178.56,104.13,134.95,119.54,139.2133333,0.15,0.43,0.392,0.411,0.324,151.5,120.67,154.57,137.62,142.2466667,211.73,164.97,116.6,140.785,164.4333333,0.39,0.43,0.38,0.405,0.4,2,4,4,4,3.333333333,100,50,47,48.5,65.66666667,9,11,11,11,10.33333333,12,12,10,11,11.33333333,3,3,3,3,3,79,25,0,36,53,0
Rat,LE,75-83days,,R2189,2189,IH-impactor,100kdyn,C5,Unilateral,Jerry,,100,113,1093,124,0,,,,1093,,,-7.5,9,19,14,6.833333333,121.2,116.13,104.13,110.13,113.82,53,58.94,59.31,59.125,57.08333333,2.524,0.84,2.14,1.49,1.834666667,152,121.29,100,110.645,124.43,85.5,87.65,74.14,80.895,82.43,3.924,0.83,1.65,1.24,2.134666667,128.03,131.96,100.9,116.43,120.2966667,194.12,129.92,85.4,107.66,136.48,0.26,0.97,0.36,0.665,0.53,199.5,121.29,112.3,116.795,144.3633333,315.3,142.96,147.42,145.19,201.8933333,7.318,0.55,2.15,1.35,3.339333333,3,3,3,3,3,100,88.28,85.82,87.05,91.36666667,10,9,9,9,9.333333333,6,12,11,11.5,9.666666667,3,3,3,3,3,69,28,2,40,41,3.191489
